company,product,typename,inches,cpu,ram(GB),gpu,opsys,weight(kg),resolution,screentype,touchscreen,cpu(GHz),memory_1_storage_gb,memory_1_type,memory_2_storage_gb,memory_2_type,log_price
4,239,3,15.6,49,6,53,5,2.3,0,2,0,2.4,1000.0,1,0.0,3,6.129050210060545
10,291,1,15.6,58,8,75,5,2.5,3,0,0,2.5,256.0,3,0.0,3,6.720220155135295
4,576,4,13.3,81,8,61,5,1.2,3,2,0,1.8,256.0,3,0.0,3,7.364547014255642
2,602,4,13.3,38,8,46,5,1.2,3,0,0,0.9,512.0,3,0.0,3,6.591673732008658
4,239,3,15.6,47,4,24,2,2.25,0,2,0,2.0,1000.0,1,0.0,3,6.143369850821135
11,184,1,15.6,77,16,80,5,2.94,3,2,0,2.8,256.0,3,1000.0,0,7.726591934547305
10,205,3,14.0,33,4,43,5,2.1,0,2,0,1.1,500.0,1,0.0,3,5.700443573390687
4,252,3,17.3,81,16,7,5,2.8,3,2,0,1.8,256.0,3,2000.0,0,7.241366283322318
7,3,3,15.6,87,8,42,5,2.04,0,2,0,1.6,2000.0,1,0.0,3,5.963579343618446
4,547,3,15.6,47,4,47,5,2.18,0,2,0,2.0,1000.0,1,0.0,3,6.325433653511077
2,404,1,17.3,77,8,75,5,3.0,3,2,0,2.8,1000.0,1,0.0,3,6.946013991099227
4,258,1,15.6,77,8,76,5,2.62,3,0,0,2.8,128.0,3,1000.0,0,7.055312843339752
7,364,3,17.3,57,8,69,5,2.63,2,2,0,2.5,1000.0,1,0.0,3,6.813444599510896
4,281,3,15.6,57,8,53,5,1.9,3,2,0,2.5,256.0,3,0.0,3,7.018392846477649
1,300,4,13.3,51,8,57,8,1.37,10,1,0,2.9,512.0,3,0.0,3,7.5801383701893545
4,249,0,15.6,73,16,53,5,2.09,3,2,1,2.7,512.0,3,0.0,3,7.072421900537371
4,238,3,15.6,86,4,40,5,2.2,0,2,0,1.6,500.0,1,0.0,3,6.095802039656067
2,566,3,15.6,54,4,86,4,2.45,0,2,0,2.3,1000.0,1,0.0,3,6.361302477572996
7,364,3,17.3,64,8,69,5,2.5,3,2,0,1.6,1000.0,1,0.0,3,6.79794041297493
11,174,1,14.0,77,16,79,5,1.6,3,0,0,2.8,256.0,3,1000.0,0,7.544861068658458
0,71,3,15.6,57,4,72,5,2.23,3,2,0,2.5,1000.0,1,0.0,3,6.423246963533519
2,104,3,14.0,17,2,12,5,1.65,0,2,0,1.5,32.0,0,0.0,3,5.293304824724492
2,406,1,17.3,77,16,76,5,2.99,3,2,0,2.8,256.0,3,1000.0,0,7.466799475018602
4,281,3,15.6,75,8,69,5,1.93,3,2,0,2.8,256.0,3,0.0,3,7.221835825288449
4,281,3,15.6,75,16,69,5,1.93,3,2,0,2.8,256.0,3,0.0,3,7.3378414524057805
4,576,4,13.3,81,8,61,5,1.2,3,2,0,1.8,256.0,3,0.0,3,7.278628942320682
0,307,1,15.6,58,8,75,5,2.5,3,0,0,2.5,256.0,3,0.0,3,6.740519359606223
2,536,0,11.6,33,4,43,5,1.5,0,2,1,1.1,32.0,0,0.0,3,5.926926025970411
4,285,4,14.0,57,8,53,5,1.36,3,2,0,2.5,256.0,3,0.0,3,7.40184157874383
7,363,3,15.6,57,4,53,5,2.04,0,2,0,2.5,256.0,3,0.0,3,6.88653164253051
10,581,0,15.6,66,4,47,5,1.8,3,0,1,2.5,256.0,3,0.0,3,6.741700694652055
7,595,5,17.3,69,8,3,7,3.0,3,0,0,2.6,1000.0,1,0.0,3,7.972121128921655
10,480,3,15.6,91,32,104,5,2.5,14,0,0,3.1,1000.0,3,0.0,3,8.496786381638575
11,322,1,15.6,73,8,75,5,2.2,3,0,0,2.7,1000.0,1,0.0,3,6.732210706467206
7,111,4,14.0,66,8,47,7,1.54,3,2,0,2.5,512.0,3,0.0,3,7.533693709848633
4,239,3,15.6,57,4,24,5,2.3,3,2,0,2.5,256.0,3,0.0,3,6.459904454377535
7,369,3,14.0,64,4,61,5,1.63,0,0,0,1.6,500.0,1,0.0,3,6.582025138892826
7,9,3,15.6,64,6,6,5,1.91,3,2,0,1.6,256.0,3,0.0,3,6.428105272684596
12,415,3,13.3,35,4,43,5,1.2,3,0,0,1.1,32.0,3,0.0,3,5.910796644040527
16,335,4,13.3,73,16,53,5,1.05,3,2,0,2.7,512.0,3,0.0,3,7.70796153183549
7,35,3,15.6,58,8,75,5,2.2,3,0,0,2.5,128.0,3,1000.0,0,7.002155954403621
7,50,3,15.6,57,8,53,5,1.86,3,2,0,2.5,1000.0,1,0.0,3,6.459904454377535
4,238,3,15.6,31,2,40,5,2.2,0,2,0,1.6,500.0,1,0.0,3,5.937536205082426
2,94,2,11.6,32,4,41,1,1.2,0,2,0,1.6,16.0,0,0.0,3,5.66261319761813
10,203,3,15.6,57,4,65,5,2.4,3,2,0,2.5,1000.0,1,0.0,3,6.411818267709897
7,320,1,17.3,77,12,80,5,3.35,3,2,0,2.8,256.0,3,1000.0,0,7.6004023345004
2,501,4,14.0,73,8,72,5,1.3,3,0,0,2.7,256.0,3,0.0,3,7.084226422097916
10,211,3,15.6,47,8,47,5,2.2,0,2,0,2.0,128.0,3,0.0,3,6.3784261836515865
7,371,3,17.3,57,8,69,5,2.63,3,2,0,2.5,256.0,3,0.0,3,6.984716320118266
4,239,3,15.6,57,4,40,5,2.25,3,2,0,2.5,1000.0,1,0.0,3,6.326149473155099
4,248,1,15.6,58,8,75,5,2.56,3,2,0,2.5,1000.0,1,0.0,3,6.70808408385307
4,546,3,15.6,52,4,47,7,2.24,0,2,0,2.3,500.0,1,0.0,3,6.602587892189336
10,204,3,15.6,66,8,66,4,2.2,0,2,0,2.5,500.0,1,0.0,3,6.444131256700441
4,239,3,15.6,73,8,24,2,2.2,3,2,0,2.7,256.0,3,0.0,3,6.618752334562941
10,586,0,15.6,77,8,77,5,2.0,3,0,1,2.8,512.0,3,0.0,3,7.4377951216719325
4,354,5,15.6,77,8,101,5,1.78,14,2,1,2.8,256.0,3,0.0,3,7.905441649060286
4,240,3,15.6,64,8,6,2,2.2,3,2,0,1.6,256.0,3,0.0,3,6.518188126026746
10,467,3,14.0,57,8,53,5,1.65,3,2,0,2.5,256.0,3,0.0,3,7.20414929203594
0,73,3,15.6,9,4,17,5,2.4,0,2,0,2.2,500.0,1,0.0,3,5.958424693029782
10,216,3,15.6,66,16,27,5,2.5,3,2,0,2.5,1000.0,2,0.0,3,7.002155954403621
0,67,3,17.3,64,8,98,5,3.0,3,0,0,1.6,256.0,3,0.0,3,6.74993119378857
10,455,3,14.0,64,8,61,5,1.75,3,0,0,1.6,256.0,3,0.0,3,6.955592608396297
7,102,0,11.6,33,8,43,1,1.4,0,2,1,1.1,64.0,0,0.0,3,6.20455776256869
10,293,3,11.6,33,2,43,5,1.15,0,2,0,1.1,32.0,0,0.0,3,5.718506870054583
10,215,3,14.0,50,4,53,5,1.7,3,0,0,2.7,128.0,3,0.0,3,6.395261598115449
7,594,3,15.6,57,8,1,5,1.9,3,2,0,2.5,500.0,1,0.0,3,7.050989447068045
11,170,1,17.3,77,16,76,5,2.7,3,2,0,2.8,256.0,3,1000.0,0,7.30840883009308
7,364,3,17.3,64,8,69,5,2.5,3,2,0,1.6,256.0,3,0.0,3,6.827629234502852
4,277,3,15.6,52,4,47,5,1.95,0,2,0,2.3,500.0,1,0.0,3,6.592907538457586
5,297,3,15.6,57,8,53,5,2.2,0,2,0,2.5,1000.0,1,0.0,3,6.6052979209482015
10,581,0,15.6,52,4,47,5,2.1,3,0,1,2.3,256.0,3,0.0,3,6.7650389767805414
4,250,0,15.6,64,8,61,5,2.67,3,2,1,1.6,256.0,3,0.0,3,6.683360945766275
0,58,3,15.6,49,4,53,5,2.4,0,2,0,2.4,1000.0,1,0.0,3,5.950642552587727
0,60,3,15.6,77,8,75,2,2.4,3,2,0,2.8,1000.0,1,0.0,3,6.658011045870748
7,114,0,13.3,75,16,53,5,1.28,3,2,1,2.8,256.0,3,0.0,3,7.5883236773352225
7,112,3,15.6,52,4,47,7,1.88,0,2,0,2.3,500.0,1,0.0,3,6.837332814685591
7,16,3,15.6,47,4,47,5,1.91,3,2,0,2.0,128.0,3,0.0,3,6.0844994130751715
10,206,3,15.6,4,6,7,5,2.2,3,2,0,3.6,256.0,3,0.0,3,6.392871431755292
10,291,1,15.6,77,16,76,5,2.5,3,0,0,2.8,256.0,3,0.0,3,6.983789965258135
10,486,3,14.0,73,8,53,5,1.58,3,0,0,2.7,256.0,3,0.0,3,7.299797366758161
0,59,3,17.3,50,4,97,5,3.0,3,0,0,2.7,256.0,3,0.0,3,6.553933404025811
10,207,3,15.6,18,4,13,5,2.2,0,2,0,2.2,128.0,3,0.0,3,5.855071922202427
7,118,3,15.6,73,8,53,5,1.84,3,2,0,2.7,256.0,3,0.0,3,7.1731917424865985
4,243,0,13.3,57,8,53,5,1.68,3,2,1,2.5,256.0,3,0.0,3,6.790097235513905
10,471,3,15.6,73,8,53,5,1.99,3,0,0,2.7,512.0,3,0.0,3,7.455298485683291
10,470,3,15.6,52,8,47,5,2.3,3,2,0,2.3,256.0,3,0.0,3,7.207118856207756
10,211,3,15.6,47,4,47,4,2.2,3,2,0,2.0,256.0,3,0.0,3,6.095824562432225
2,389,1,17.3,69,24,90,5,4.33,3,0,1,2.6,256.0,3,1000.0,0,7.1459844677143876
16,447,3,14.0,52,8,47,5,1.47,3,0,0,2.3,256.0,3,0.0,3,7.306531398939505
2,611,4,14.0,73,8,53,5,1.1,3,2,0,2.7,512.0,3,0.0,3,7.5352967024440884
4,279,3,14.0,57,4,53,5,1.6,0,2,0,2.5,500.0,1,0.0,3,6.774223886357614
7,329,0,13.3,57,8,53,5,1.58,0,0,1,2.5,256.0,3,0.0,3,6.7293460590080985
7,110,4,12.5,66,8,47,5,1.26,3,2,0,2.5,256.0,3,0.0,3,7.207118856207756
4,257,3,15.6,64,8,72,5,2.0,3,2,0,1.6,256.0,3,0.0,3,7.041192917211854
0,127,3,15.6,47,4,47,5,2.4,0,2,0,2.0,500.0,1,0.0,3,6.1092475827643655
10,486,3,14.0,57,8,53,5,1.7,3,2,0,2.5,180.0,3,0.0,3,7.218176838403408
0,58,3,15.6,11,6,17,5,2.1,0,2,0,3.0,1000.0,1,0.0,3,6.013715156042802
2,130,3,15.6,77,16,79,5,2.2,3,2,0,2.8,128.0,3,1000.0,0,7.466799475018602
7,111,4,14.0,66,8,47,5,1.54,3,2,0,2.5,512.0,3,0.0,3,7.291656209174461
4,547,3,15.6,57,8,53,5,2.18,3,2,0,2.5,256.0,3,0.0,3,6.620073206530356
7,112,4,15.6,66,8,28,5,1.84,3,2,0,2.5,256.0,3,0.0,3,7.16780147418649
7,110,4,12.5,52,4,47,5,1.26,3,2,0,2.3,500.0,1,0.0,3,7.364547014255642
4,241,3,13.3,52,8,47,5,1.62,3,2,1,2.3,1000.0,1,0.0,3,6.47543271670409
5,295,3,15.6,52,4,47,5,2.3,0,2,0,2.3,256.0,3,0.0,3,6.47543271670409
7,370,3,15.6,52,4,47,5,2.07,3,2,0,2.3,500.0,1,0.0,3,6.813444599510896
4,281,3,15.6,59,16,53,5,1.93,3,2,0,2.6,512.0,3,0.0,3,7.263091326999619
7,330,0,15.6,57,4,53,5,2.3,0,2,1,2.5,500.0,1,0.0,3,6.529126824827532
11,186,1,17.3,77,16,80,5,3.78,3,2,0,2.8,256.0,3,1000.0,0,7.823645930834952
0,355,1,17.3,69,16,79,5,4.2,3,0,0,2.6,128.0,3,1000.0,0,7.5678626054638825
4,350,5,15.6,71,16,108,5,2.17,3,0,0,2.7,256.0,3,0.0,3,7.5883236773352225
7,111,3,14.0,75,8,53,5,1.48,3,2,0,2.8,1000.0,3,0.0,3,7.466799475018602
4,239,3,15.6,47,4,47,2,2.25,0,2,0,2.0,1000.0,1,0.0,3,5.883322388488279
10,210,3,15.6,57,8,53,5,2.2,0,2,0,2.5,256.0,3,0.0,3,6.391917113392602
10,508,3,15.6,47,4,47,4,1.9,0,2,0,2.0,1000.0,1,0.0,3,5.82600010738045
10,484,3,14.0,54,8,47,5,1.8,3,2,0,2.3,256.0,3,0.0,3,7.0825485693553
0,59,3,17.3,50,4,97,5,3.0,3,0,0,2.7,1000.0,1,0.0,3,6.484635235635252
7,49,3,15.6,87,4,42,5,1.96,0,2,0,1.6,1000.0,1,0.0,3,6.214608098422191
4,256,1,15.6,77,16,76,5,2.62,14,2,0,2.8,512.0,3,0.0,3,7.425953657077541
10,291,1,15.6,77,8,79,5,2.5,3,0,0,2.8,128.0,3,1000.0,0,7.080867896690782
0,433,3,14.0,57,8,53,5,1.56,3,0,0,2.5,256.0,3,0.0,3,6.804614520062624
0,74,3,15.6,32,4,41,2,2.4,0,2,0,1.6,500.0,1,0.0,3,5.666426688112432
4,577,3,15.6,77,16,75,5,2.06,14,2,1,2.8,512.0,3,0.0,3,7.614519327751176
4,253,0,13.3,73,12,53,5,1.6,3,0,1,2.7,256.0,3,0.0,3,7.1693500166706
7,371,3,17.3,81,8,70,5,2.5,3,2,0,1.8,256.0,3,0.0,3,6.951772164398911
4,353,5,17.3,79,16,101,5,3.42,3,2,0,2.9,256.0,3,0.0,3,7.967231650901649
10,487,4,14.0,77,8,74,5,1.7,9,0,0,2.8,512.0,3,0.0,3,7.57198844937744
10,291,1,15.6,77,8,76,5,2.5,3,0,0,2.8,128.0,3,1000.0,0,7.130098510125578
7,50,3,15.6,57,4,53,4,1.86,0,2,0,2.5,500.0,1,0.0,3,5.97609706997686
2,555,3,15.6,33,4,43,5,2.0,3,2,0,1.1,1000.0,1,0.0,3,5.840641657373398
7,2,3,15.6,66,6,21,5,2.19,0,2,0,2.5,1000.0,1,0.0,3,6.638567789166521
4,254,1,15.6,69,16,89,5,2.72,14,0,1,2.6,128.0,3,1000.0,0,7.002155954403621
14,86,4,12.5,73,16,53,5,1.29,14,0,1,2.5,512.0,3,0.0,3,7.4949862339505335
4,279,3,14.0,59,8,53,5,1.64,3,2,0,2.6,256.0,3,0.0,3,7.154404397163219
9,195,4,15.6,81,8,53,5,1.09,3,0,0,1.8,512.0,3,0.0,3,7.740229524763182
4,244,0,13.3,81,8,61,5,1.62,3,2,1,1.8,256.0,3,0.0,3,6.7673546326790435
11,152,1,17.3,77,16,80,5,2.9,3,2,0,2.8,512.0,3,1000.0,0,7.789454566086673
7,369,3,14.0,81,8,61,5,1.63,3,2,0,1.8,256.0,3,0.0,3,6.895682697747868
0,497,3,13.3,52,4,47,5,1.6,0,2,0,2.3,128.0,3,0.0,3,6.484635235635252
4,286,4,12.5,52,8,47,7,1.5,0,2,0,2.3,256.0,3,0.0,3,7.2535411515887
4,56,1,17.3,77,16,80,5,4.42,3,0,0,2.8,256.0,3,1000.0,0,7.900636613018005
4,546,3,15.6,52,4,20,7,2.24,0,2,0,2.3,500.0,1,0.0,3,6.64528600900176
4,250,0,15.6,81,8,61,5,1.56,3,2,1,1.8,256.0,3,0.0,3,6.955592608396297
2,385,1,15.6,77,8,79,5,2.3,3,0,0,2.8,128.0,3,1000.0,0,7.411556287811163
10,588,0,13.3,66,16,47,5,1.3,13,0,1,2.5,512.0,3,0.0,3,7.312553498102598
2,606,3,14.0,73,8,53,5,2.0,3,2,0,2.7,256.0,3,0.0,3,6.9975959829819265
2,615,3,14.0,57,8,53,5,2.0,3,2,0,2.5,256.0,3,0.0,3,6.851184927493743
2,378,3,15.6,57,8,53,5,2.3,3,2,0,2.5,128.0,1,0.0,3,6.380122536899765
4,547,3,15.6,57,8,22,5,2.18,3,2,0,2.5,256.0,3,0.0,3,6.671792410205668
10,475,3,13.3,49,4,53,5,1.44,3,0,0,2.4,180.0,3,0.0,3,6.5998704992128365
4,239,3,15.6,73,8,24,2,2.2,3,2,0,2.7,1000.0,1,0.0,3,6.3967629746590475
10,231,3,15.6,81,12,53,5,2.2,0,2,1,1.8,1000.0,1,0.0,3,6.411818267709897
10,226,1,17.3,70,16,93,5,4.6,3,0,0,2.7,256.0,3,1000.0,1,7.919352554290369
0,495,2,11.6,32,4,41,5,1.4,0,2,0,1.6,128.0,3,0.0,3,6.075346031088684
2,408,1,17.3,22,8,37,5,3.2,3,2,0,3.2,256.0,3,1000.0,0,7.43543801981455
10,583,0,14.0,49,4,53,5,1.74,3,0,1,2.4,256.0,3,0.0,3,6.444131256700441
10,473,4,12.5,57,8,53,5,1.36,3,0,0,2.5,256.0,3,0.0,3,7.264730177929867
4,245,3,15.6,73,16,30,5,2.32,3,2,0,2.7,2000.0,1,0.0,3,6.897694842067519
7,421,0,13.3,81,16,61,5,1.29,14,0,1,1.8,1000.0,3,0.0,3,7.803435056952168
7,50,3,15.6,47,4,47,5,1.86,3,2,0,2.0,1000.0,1,0.0,3,6.150602768446279
10,199,3,17.3,5,4,14,5,2.8,2,2,0,2.2,500.0,1,0.0,3,5.937536205082426
2,393,1,15.6,77,16,79,5,2.1,3,2,0,2.8,128.0,3,1000.0,0,7.549082710812286
7,109,3,14.0,52,8,47,7,1.43,3,2,0,2.3,256.0,3,0.0,3,7.321849713788356
10,480,3,15.6,79,8,104,5,2.67,3,2,0,2.9,256.0,3,0.0,3,7.644919344958857
7,418,4,13.3,73,8,53,5,1.11,3,0,1,2.7,256.0,3,0.0,3,7.207118856207756
11,150,1,15.6,77,16,80,5,2.8,3,0,0,2.8,256.0,3,1000.0,0,7.649216319820633
7,25,3,15.6,57,8,53,5,1.91,0,2,0,2.5,256.0,3,0.0,3,6.361302477572996
2,390,1,17.3,69,16,80,5,4.3,3,0,0,2.6,256.0,3,1000.0,0,7.762170607138205
7,373,3,15.6,52,4,47,7,2.31,3,2,0,2.3,500.0,1,0.0,3,6.84587987526405
4,244,0,13.3,64,8,61,5,1.55,3,2,1,1.6,1000.0,1,0.0,3,6.490723534502507
4,281,3,15.6,59,4,53,2,1.93,0,2,0,2.6,500.0,1,0.0,3,6.767343125265392
0,57,3,14.0,35,4,43,5,1.6,3,2,0,1.1,32.0,0,0.0,3,5.796057750765372
4,56,1,17.3,77,32,80,5,4.42,3,0,0,2.8,256.0,3,1000.0,0,8.054840221101024
10,518,3,15.6,57,8,4,5,1.9,3,2,0,2.5,128.0,3,1000.0,0,6.70073110954781
7,362,3,14.0,73,8,69,5,1.64,3,2,0,2.7,256.0,3,0.0,3,7.0778608569464385
7,363,3,15.6,81,16,61,5,2.1,3,2,0,1.8,512.0,3,0.0,3,7.055312843339752
11,173,1,14.0,69,16,91,5,1.7,3,2,0,2.6,256.0,3,1000.0,0,7.478169694159785
10,530,3,15.6,64,8,61,5,2.05,3,2,0,1.6,256.0,3,0.0,3,6.6052979209482015
4,251,3,17.3,73,8,30,2,2.83,3,2,0,2.7,1000.0,1,0.0,3,6.762729506931879
11,171,1,17.3,77,8,79,5,2.7,3,2,0,2.8,128.0,3,1000.0,0,7.25063551189868
7,110,4,12.5,57,4,53,5,1.26,3,2,0,2.5,500.0,1,0.0,3,7.338888133838879
9,194,4,15.6,73,16,53,5,1.08,3,0,1,2.7,512.0,3,0.0,3,7.649216319820633
2,134,1,15.6,77,16,79,5,2.2,3,0,0,2.8,128.0,3,1000.0,0,7.278628942320682
10,463,5,15.6,66,16,107,7,2.18,3,2,0,2.5,512.0,3,0.0,3,7.5256399750415355
2,408,1,15.6,77,16,80,5,2.2,3,2,0,2.8,256.0,3,1000.0,0,7.803435056952168
2,147,1,17.3,69,16,93,5,4.3,3,0,0,2.6,128.0,3,1000.0,0,7.740229524763182
4,239,3,15.6,57,4,24,5,2.3,3,2,0,2.5,500.0,1,0.0,3,6.371611847231857
10,472,4,14.0,66,8,47,5,1.17,9,0,0,2.5,512.0,3,0.0,3,7.430493663211738
16,446,3,14.0,52,4,47,5,1.47,3,0,0,2.3,128.0,3,0.0,3,7.007600613951853
0,97,3,15.6,29,2,40,1,2.19,0,2,0,1.5,16.0,3,0.0,3,5.293304824724492
0,409,3,15.6,73,12,53,5,2.15,3,0,1,2.7,1000.0,1,0.0,3,6.490723534502507
7,112,4,15.6,66,8,47,7,1.88,3,2,0,2.5,256.0,3,0.0,3,7.683274759299943
1,299,4,11.6,51,4,51,3,1.08,0,2,0,1.6,256.0,0,0.0,3,6.8658910748834385
10,209,3,15.6,73,4,66,5,2.2,3,2,0,2.7,1000.0,1,0.0,3,6.683360945766275
2,600,0,13.3,81,8,61,5,1.1,3,2,1,1.8,512.0,3,512.0,2,7.312553498102598
2,541,4,15.6,73,8,72,5,1.7,3,2,0,2.7,256.0,3,0.0,3,6.956450200520895
2,599,4,14.0,73,16,53,5,1.1,3,2,0,2.7,512.0,3,0.0,3,7.549609165154532
2,562,3,15.6,47,4,47,2,2.0,3,2,0,2.0,256.0,3,0.0,3,6.028278520230698
10,477,3,15.6,57,8,72,5,2.3,3,0,0,2.5,256.0,3,0.0,3,6.9196739683756645
10,474,2,12.5,66,16,47,5,1.3,3,0,1,2.5,512.0,3,0.0,3,7.408530566894626
7,313,1,17.3,77,12,79,5,2.62,3,2,0,2.8,1000.0,1,0.0,3,7.4949862339505335
11,160,1,15.6,58,8,75,5,2.4,3,2,0,2.5,256.0,3,0.0,3,7.089243155027514
4,245,3,15.6,73,16,30,5,2.3,3,2,0,2.7,256.0,3,0.0,3,7.074345409881552
10,462,5,15.6,77,8,101,5,2.67,3,2,0,2.8,512.0,3,0.0,3,7.562681246721884
10,521,3,15.6,47,4,47,5,1.85,3,2,0,2.0,1000.0,1,0.0,3,6.1070228877422545
10,469,4,14.0,73,24,53,5,1.32,9,2,0,2.7,512.0,3,0.0,3,7.775695749915245
4,239,3,15.6,57,4,24,2,2.3,3,2,0,2.5,256.0,3,0.0,3,6.395094639270416
7,50,3,15.6,47,4,47,5,1.86,3,2,0,2.0,500.0,1,0.0,3,5.983936280687191
4,56,1,17.3,77,32,80,5,4.42,3,0,0,2.8,512.0,3,1000.0,0,8.030373765850365
0,79,0,13.3,66,8,47,5,1.6,3,0,1,2.5,256.0,3,0.0,3,6.670778995036786
10,291,1,15.6,58,8,75,5,2.4,3,0,0,2.5,1000.0,1,0.0,3,6.70808408385307
11,168,1,15.6,77,8,75,5,2.2,3,2,0,2.8,128.0,3,1000.0,0,7.089243155027514
2,568,3,15.6,31,4,40,5,2.2,0,2,0,1.6,500.0,1,0.0,3,5.910796644040527
2,357,3,15.6,57,8,53,5,2.37,3,2,0,2.5,1000.0,1,0.0,3,6.618738983517219
7,116,4,12.5,73,8,53,5,1.26,3,2,0,2.7,256.0,3,0.0,3,7.19668657083435
4,56,1,17.3,77,16,79,5,4.36,3,0,0,2.8,128.0,3,1000.0,0,7.826051997519029
17,514,3,13.3,24,4,41,5,1.35,3,2,0,1.44,32.0,0,0.0,3,5.278114659230517
4,279,3,14.0,57,8,54,5,1.6,3,2,0,2.5,128.0,3,0.0,3,7.020190708311925
10,207,3,15.6,7,4,5,5,2.2,3,2,0,2.5,128.0,3,0.0,3,5.988961416889864
7,364,3,17.3,64,8,61,5,2.5,3,2,0,1.6,256.0,3,0.0,3,6.833031732786201
4,243,0,13.3,49,4,53,5,1.71,3,2,1,2.4,1000.0,1,0.0,3,6.47543271670409
7,47,3,17.3,57,6,6,5,2.71,3,0,0,2.5,2000.0,1,0.0,3,6.54965074223381
7,42,3,17.3,47,8,47,5,2.65,2,2,0,2.0,1000.0,1,0.0,3,6.299224944142071
4,252,3,17.3,81,8,7,5,2.8,3,2,0,1.8,128.0,3,1000.0,0,7.040536390215956
12,413,3,14.0,27,2,40,5,1.4,3,2,0,1.44,32.0,0,0.0,3,5.476463551931511
11,153,1,17.3,77,16,76,5,2.7,3,2,0,2.8,256.0,3,1000.0,0,7.377133712833954
7,361,3,13.3,73,8,53,5,1.49,3,2,0,2.7,256.0,3,0.0,3,6.993932975223189
10,291,1,15.6,77,4,75,5,2.4,3,0,0,2.8,1000.0,1,0.0,3,6.906754778648554
2,502,3,14.0,73,8,53,5,2.0,3,2,0,2.7,256.0,3,1000.0,0,7.195937226475569
4,247,3,15.6,81,8,7,5,2.02,3,2,0,1.8,128.0,3,2000.0,0,6.878223476376099
10,210,3,15.6,57,4,66,4,2.2,3,2,0,2.5,1000.0,1,0.0,3,6.212606095751519
7,40,3,17.3,47,8,47,5,2.54,2,2,0,2.0,1000.0,1,0.0,3,6.192362489474872
4,242,4,13.3,64,4,7,5,1.4,3,0,0,1.6,256.0,3,0.0,3,6.707290117951893
15,93,2,11.6,32,4,41,1,1.15,0,2,0,1.6,16.0,0,0.0,3,5.594711379601839
10,455,3,14.0,64,8,35,5,1.75,3,0,0,1.6,256.0,3,0.0,3,7.0175240639276275
0,71,3,15.6,57,4,72,5,2.23,3,2,0,2.5,256.0,3,0.0,3,6.53813982376767
10,526,3,17.3,47,4,47,4,2.8,3,2,0,2.0,500.0,1,0.0,3,6.270988431858299
11,177,1,15.6,77,16,79,5,1.8,14,2,0,2.8,256.0,3,2000.0,0,7.740229524763182
7,123,3,13.3,57,4,53,5,1.32,3,0,0,2.5,256.0,3,0.0,3,6.54965074223381
2,396,1,15.6,69,8,89,5,2.591,3,0,0,2.6,256.0,3,1000.0,0,6.812345094177479
7,113,2,12.5,40,8,46,5,0.97,3,2,0,1.2,512.0,3,0.0,3,7.553810852008231
4,56,1,17.3,77,16,79,5,4.42,3,0,0,2.8,256.0,3,1000.0,0,7.806427716167672
7,114,0,13.3,75,8,53,5,1.28,3,2,1,2.8,256.0,3,0.0,3,7.847371836159788
16,411,3,15.6,66,8,68,5,2.2,0,2,0,2.5,500.0,1,0.0,3,6.699500340161678
7,363,3,15.6,81,8,61,5,2.1,0,0,0,1.8,1000.0,1,0.0,3,6.804614520062624
4,245,3,15.6,73,8,30,2,2.33,3,2,0,2.7,256.0,3,0.0,3,6.6578441513284545
10,200,3,14.0,33,4,43,5,1.44,0,2,0,1.1,32.0,0,0.0,3,5.676753802268282
7,364,3,17.3,73,8,69,5,2.63,3,2,0,2.7,1000.0,1,0.0,3,7.154615356913663
10,585,0,13.3,57,8,53,5,1.3,3,0,1,2.5,256.0,3,0.0,3,6.9411900550683745
2,609,3,15.6,73,8,53,5,2.0,3,2,0,2.7,256.0,3,1000.0,0,7.1098794630722715
16,452,3,15.6,57,8,53,5,2.0,3,0,0,2.5,256.0,3,0.0,3,7.1372784372603855
14,85,1,14.0,77,16,79,5,1.95,3,2,0,2.8,512.0,3,0.0,3,7.972121128921655
4,56,1,17.3,77,32,80,5,4.36,14,2,0,2.8,1000.0,3,1000.0,0,8.205054478530466
10,81,3,15.6,52,8,21,5,2.5,3,2,0,2.3,1000.0,2,0.0,3,6.670119724014492
10,471,3,15.6,57,8,53,5,1.95,3,0,0,2.5,512.0,3,0.0,3,7.582224100019981
2,538,3,15.6,57,4,53,2,2.0,3,2,0,2.5,256.0,3,0.0,3,6.326149473155099
4,281,3,15.6,59,8,53,5,1.9,0,2,0,2.6,500.0,1,0.0,3,6.916239188630447
2,611,4,14.0,57,8,53,5,1.1,3,2,0,2.5,256.0,3,0.0,3,7.034387929915503
7,32,3,15.6,2,6,7,5,1.91,3,0,0,2.5,128.0,3,0.0,3,6.343704671756601
0,72,3,17.3,47,8,72,5,3.3,2,2,0,2.0,1000.0,1,0.0,3,6.444131256700441
2,99,0,12.5,43,8,46,1,1.2,3,2,0,1.2,64.0,0,0.0,3,7.055312843339752
10,472,0,14.0,73,8,53,5,1.42,9,2,1,2.7,256.0,3,0.0,3,7.859413154693583
10,212,3,17.3,57,4,66,5,2.79,2,2,0,2.5,1000.0,1,0.0,3,6.3784261836515865
10,490,5,15.6,75,16,72,5,2.3,14,0,0,2.8,512.0,3,0.0,3,7.801800401908973
10,481,5,15.6,75,16,107,5,2.5,14,0,0,2.8,1000.0,3,0.0,3,8.101374671228582
7,112,3,15.6,66,8,47,5,1.84,3,2,0,2.5,256.0,3,0.0,3,7.1139479728364305
2,602,4,13.3,38,8,46,5,1.2,3,0,0,0.9,512.0,3,0.0,3,6.591673732008658
7,363,3,15.6,64,8,70,5,2.1,3,2,0,1.6,256.0,3,0.0,3,6.778784897685177
3,270,3,15.6,26,4,40,5,1.89,3,2,0,1.44,64.0,0,0.0,3,5.501217393385187
2,129,3,17.3,73,8,86,4,2.69,3,2,0,2.7,128.0,3,1000.0,0,6.790097235513905
7,111,3,14.0,52,4,47,7,1.54,3,2,0,2.3,256.0,3,0.0,3,7.003056367836049
16,337,3,13.3,57,8,53,5,1.05,3,2,0,2.5,256.0,3,0.0,3,7.29641326877392
10,504,3,15.6,33,4,43,4,1.9,0,2,0,1.1,1000.0,1,0.0,3,5.530856639502609
10,222,3,13.3,57,8,53,5,1.1,3,0,0,2.5,256.0,3,0.0,3,6.906754778648554
10,465,3,14.0,52,8,47,7,1.7,3,2,0,2.3,180.0,3,0.0,3,7.089243155027514
4,55,1,15.6,69,16,91,5,3.21,14,2,0,2.6,256.0,3,1000.0,0,7.192182058713246
0,306,1,15.6,77,8,75,5,2.7,3,0,0,2.8,128.0,3,1000.0,0,7.138866999945524
7,4,3,15.6,14,4,13,5,1.86,0,2,0,1.8,500.0,1,0.0,3,5.6937321388027
10,225,3,15.6,69,8,89,5,2.6,3,0,0,2.6,1000.0,1,0.0,3,6.80128303447162
16,411,3,15.6,48,4,47,5,2.1,0,2,0,2.1,128.0,3,0.0,3,6.210600077024653
4,576,4,13.3,74,8,58,5,1.23,13,2,1,2.4,256.0,3,0.0,3,7.229113877793302
0,423,0,13.3,64,8,61,5,1.6,3,0,1,1.6,256.0,3,0.0,3,6.906754778648554
2,538,3,15.6,49,4,53,5,2.0,0,2,0,2.4,1000.0,1,0.0,3,6.075346031088684
10,196,3,14.0,31,2,40,5,1.5,0,2,0,1.6,64.0,0,0.0,3,5.43372200355424
7,363,3,15.6,49,4,53,5,2.04,3,2,0,2.4,500.0,1,0.0,3,6.529418838262226
10,578,2,11.6,35,4,43,5,1.59,0,0,0,1.1,128.0,3,0.0,3,6.315358001522335
7,36,3,15.6,12,6,7,5,1.95,3,0,0,3.0,256.0,3,0.0,3,6.47543271670409
4,350,5,15.6,71,16,108,5,2.17,3,0,0,2.7,512.0,3,0.0,3,7.757051142032013
2,536,0,11.6,33,2,43,5,1.1,0,2,1,1.1,32.0,0,0.0,3,5.616771097666572
7,366,3,15.6,48,4,47,5,2.31,0,2,0,2.3,500.0,1,0.0,3,6.55841054613825
0,495,3,11.6,87,4,42,5,1.4,0,2,0,1.6,128.0,0,0.0,3,6.184148890937483
2,138,1,17.3,77,8,75,5,3.0,3,2,0,2.8,128.0,3,1000.0,0,7.0630481633881725
2,535,3,14.0,33,4,43,5,1.5,3,2,0,1.1,32.0,0,0.0,3,5.697093486505405
0,58,3,15.6,11,4,17,5,2.1,0,2,0,3.0,500.0,1,0.0,3,5.991464547107982
7,21,3,15.6,73,8,7,5,1.91,3,2,0,2.7,256.0,3,0.0,3,6.577861357721047
4,56,1,17.3,78,16,80,5,4.42,9,0,0,2.9,256.0,3,1000.0,0,7.937017489515454
0,74,3,15.6,32,4,41,2,2.4,0,2,0,1.6,500.0,1,0.0,3,5.666426688112432
4,350,5,15.6,77,8,108,5,2.06,3,2,1,2.8,256.0,3,0.0,3,7.47477218239787
7,48,3,15.6,52,4,47,4,2.1,0,2,0,2.3,500.0,1,0.0,3,6.167495526307999
0,80,1,15.6,58,16,76,5,2.5,3,2,0,2.5,256.0,3,0.0,3,7.1693500166706
2,564,3,15.6,49,8,72,2,2.3,3,2,0,2.4,1000.0,1,0.0,3,6.391917113392602
4,238,3,15.6,87,4,40,2,2.2,0,2,0,1.6,500.0,1,0.0,3,5.780743515792329
4,576,0,13.3,80,8,52,5,1.24,13,2,1,1.3,512.0,3,0.0,3,7.607431101504782
2,385,1,17.3,58,8,79,5,2.73,3,0,0,2.5,128.0,3,1000.0,0,7.478734825567875
4,274,3,13.3,47,4,47,5,1.65,0,2,0,2.0,500.0,1,0.0,3,6.744059186311348
2,545,3,15.6,57,8,67,5,2.0,3,2,0,2.5,256.0,3,0.0,3,6.645090969505644
4,240,3,15.6,64,8,6,5,2.2,3,2,0,1.6,1000.0,1,0.0,3,6.51471269087253
16,345,3,13.3,52,8,47,7,1.2,3,2,0,2.3,256.0,3,0.0,3,7.286191714702382
4,283,4,12.5,57,8,40,5,1.36,3,2,1,2.5,256.0,3,0.0,3,7.294513159624605
0,58,3,15.6,33,4,43,2,2.1,0,2,0,2.0,1000.0,1,0.0,3,5.605802066295998
7,50,3,15.6,47,4,6,5,1.86,0,2,0,2.0,500.0,1,0.0,3,6.083793013291897
4,576,4,13.3,57,8,53,5,1.29,3,2,0,2.5,256.0,3,0.0,3,7.312553498102598
7,428,3,14.0,32,4,41,5,1.44,0,2,0,1.6,32.0,3,0.0,3,5.43372200355424
4,256,1,15.6,77,16,76,5,2.6,3,2,0,2.8,128.0,3,1000.0,0,7.207118856207756
2,384,1,17.3,77,16,75,5,2.9,3,2,0,2.8,256.0,3,1000.0,0,7.249215057114389
4,278,0,12.5,57,8,53,5,1.34,3,2,1,2.5,256.0,3,0.0,3,7.4205789054108005
10,474,0,13.3,73,8,53,5,1.37,3,0,1,2.7,256.0,3,0.0,3,7.575584651557793
2,610,4,15.6,73,16,72,5,1.63,3,2,0,2.7,512.0,3,0.0,3,7.291656209174461
0,60,1,15.6,58,8,75,2,2.4,3,2,0,2.5,1000.0,1,0.0,3,6.682108597449809
7,372,3,14.0,57,4,53,5,1.95,3,2,0,2.5,128.0,3,0.0,3,7.142827401161621
7,49,3,15.6,66,8,47,5,1.96,3,2,0,2.5,256.0,3,0.0,3,6.520621127558696
10,197,3,15.6,36,8,42,4,2.2,0,2,0,1.6,1000.0,1,0.0,3,5.796057750765372
10,203,4,15.6,73,6,65,5,1.54,3,2,0,2.7,256.0,3,0.0,3,6.7226297948554485
0,430,3,14.0,49,4,53,5,1.8,3,0,0,2.4,128.0,3,0.0,3,6.455198563340122
7,111,4,14.0,66,8,47,7,1.54,9,2,0,2.5,256.0,3,0.0,3,7.695389573447853
16,441,3,15.6,73,8,53,5,2.0,3,0,0,2.7,256.0,3,0.0,3,7.23561914106675
4,247,3,15.6,64,4,7,5,2.2,3,2,0,1.6,1000.0,1,0.0,3,6.654152520183219
7,110,4,12.5,52,8,47,7,1.26,3,2,0,2.3,256.0,3,0.0,3,7.089243155027514
10,212,3,17.3,57,8,53,4,2.8,2,2,0,2.5,1000.0,1,0.0,3,6.289715570908998
4,547,3,15.6,49,4,53,5,2.18,0,2,0,2.4,1000.0,1,0.0,3,6.37434315654335
4,277,3,15.6,57,8,53,5,2.06,3,2,0,2.5,1000.0,1,0.0,3,6.86171134048073
7,110,4,12.5,55,8,47,7,1.26,0,2,0,2.4,256.0,3,0.0,3,7.546974117516527
10,472,0,14.0,68,16,47,5,1.36,9,2,1,2.6,512.0,3,0.0,3,7.823645930834952
18,303,3,15.6,81,16,98,4,1.95,3,0,0,1.8,256.0,3,0.0,3,7.244191800679865
10,212,3,17.3,57,6,85,5,2.8,2,2,0,2.5,128.0,3,1000.0,0,6.577861357721047
2,570,3,15.6,2,4,24,5,2.2,3,2,0,2.5,128.0,3,1000.0,0,6.354370040797351
4,253,0,13.3,57,8,53,5,1.6,3,0,1,2.5,256.0,3,0.0,3,7.089243155027514
11,164,1,17.3,77,8,76,5,2.7,3,2,0,2.8,128.0,3,1000.0,0,7.206733311175769
7,50,3,15.6,57,8,53,4,1.86,3,2,0,2.5,256.0,3,0.0,3,6.354370040797351
2,600,0,15.6,73,12,74,5,2.26,3,2,1,2.7,512.0,3,2000.0,0,7.002155954403621
4,576,4,13.3,81,16,61,5,1.21,14,0,1,1.8,1000.0,3,0.0,3,7.823645930834952
2,403,1,17.3,69,8,89,5,3.52,3,2,0,2.6,128.0,3,1000.0,0,7.179681375389134
0,59,3,15.6,1,8,34,5,2.2,0,2,0,2.5,1000.0,1,0.0,3,6.361302477572996
4,89,2,11.6,32,4,41,1,1.26,0,2,0,1.6,16.0,0,0.0,3,5.68697535633982
10,476,3,14.0,57,8,66,5,1.87,3,0,0,2.5,256.0,3,0.0,3,6.7535195955421745
16,332,3,13.3,52,8,47,5,1.5,0,2,0,2.3,256.0,3,0.0,3,7.098375638590786
4,242,4,13.3,81,8,7,5,1.4,3,0,0,1.8,256.0,3,0.0,3,6.837204051031101
10,580,0,14.0,66,4,47,5,1.8,3,0,1,2.5,128.0,3,0.0,3,6.45833828334479
0,54,1,15.6,58,8,75,2,2.4,3,2,0,2.5,1000.0,1,0.0,3,6.5638555265321274
4,247,3,15.6,64,8,7,5,2.2,3,2,0,1.6,256.0,3,0.0,3,6.684611727667927
7,363,3,15.6,57,4,53,5,2.04,3,2,0,2.5,256.0,3,0.0,3,6.732210706467206
2,391,1,17.3,69,16,91,5,4.0,3,0,0,2.6,128.0,3,1000.0,0,7.549609165154532
4,281,3,15.6,57,8,53,5,1.9,3,2,0,2.5,128.0,3,0.0,3,6.851184927493743
4,247,3,15.6,81,16,7,5,2.2,3,2,0,1.8,256.0,3,2000.0,0,7.105982992793148
7,111,4,14.0,73,8,53,5,1.48,3,2,0,2.7,512.0,3,0.0,3,7.644440761556566
4,576,0,13.3,80,16,52,5,1.22,13,2,1,1.3,512.0,3,0.0,3,7.549082710812286
10,477,3,15.6,57,8,53,5,2.3,3,2,0,2.5,256.0,3,0.0,3,6.721425700790643
10,507,3,15.6,47,4,47,5,2.1,0,2,0,2.0,128.0,3,0.0,3,6.061456918928017
4,256,1,15.6,77,16,76,5,2.62,3,2,0,2.8,256.0,3,1000.0,0,7.2991214627108
16,440,3,15.6,66,16,68,5,2.4,3,0,0,2.5,512.0,3,0.0,3,7.246368080102461
11,166,1,15.6,77,8,75,5,2.4,3,2,0,2.8,128.0,3,1000.0,0,7.041236670356618
10,465,4,14.0,68,8,47,7,1.7,3,2,0,2.6,256.0,3,0.0,3,7.312553498102598
7,13,3,15.6,8,8,16,5,1.91,0,2,0,2.5,128.0,3,0.0,3,6.100094711633431
2,139,1,17.3,77,8,75,5,3.0,3,2,0,2.8,1000.0,1,0.0,3,7.079184394609668
4,239,3,15.6,47,4,47,5,2.3,0,2,0,2.0,1000.0,1,0.0,3,6.037011362063953
4,257,4,15.6,64,8,72,5,1.9,3,0,0,1.6,128.0,3,1000.0,0,6.955592608396297
4,238,3,15.6,31,2,40,5,2.2,0,2,0,1.6,500.0,1,0.0,3,5.937536205082426
2,408,1,17.3,23,8,37,5,3.2,3,2,0,3.0,256.0,3,1000.0,0,7.1693500166706
7,365,3,14.0,57,8,53,5,1.95,3,2,0,2.5,256.0,3,0.0,3,6.887552571664617
10,228,3,15.6,47,4,47,5,1.85,3,2,0,2.0,1000.0,1,0.0,3,6.028037527338822
10,224,1,15.6,20,16,33,5,2.5,3,0,0,2.1,512.0,3,1000.0,0,6.906754778648554
4,240,3,15.6,81,8,6,5,2.13,3,2,0,1.8,256.0,3,0.0,3,6.643529282566697
7,112,4,15.6,73,8,53,5,1.84,3,2,0,2.7,512.0,3,0.0,3,7.236339342754344
10,210,3,15.6,57,8,53,4,2.2,3,2,0,2.5,256.0,3,0.0,3,6.3080984415095305
0,422,3,15.6,49,6,53,5,2.1,3,0,1,2.4,1000.0,1,0.0,3,6.171700597410915
10,229,3,15.6,33,4,43,5,2.2,0,2,0,1.1,500.0,1,0.0,3,6.037870919922137
10,527,3,15.6,50,4,53,5,2.05,3,2,0,2.7,128.0,3,0.0,3,6.4457198193855785
4,247,3,15.6,81,8,7,5,2.2,3,2,0,1.8,256.0,3,0.0,3,6.76849321164863
10,474,0,13.3,73,8,53,5,1.37,3,0,1,2.7,512.0,3,0.0,3,7.613324979540639
1,300,4,13.3,51,8,56,8,1.37,10,1,0,2.0,256.0,3,0.0,3,7.257707677160043
10,493,4,12.5,73,8,53,5,1.36,3,0,0,2.7,256.0,3,0.0,3,7.408530566894626
7,362,3,15.6,47,4,47,5,1.63,0,2,0,2.0,128.0,3,0.0,3,6.535241271013659
4,290,3,14.0,55,8,47,5,1.56,3,2,0,2.4,256.0,3,0.0,3,7.113956109566034
0,89,2,11.6,32,4,41,1,1.35,0,0,0,1.6,32.0,0,0.0,3,5.872117789475416
2,561,3,15.6,88,4,43,5,2.0,0,2,0,1.1,500.0,1,0.0,3,5.717027701406222
4,286,4,12.5,48,4,47,7,1.5,0,2,0,2.3,500.0,1,0.0,3,7.0345200797736345
4,577,3,15.6,77,8,75,5,2.0,3,2,0,2.8,256.0,3,0.0,3,7.506591780070841
4,252,3,17.3,81,16,7,5,2.8,3,2,0,1.8,256.0,3,2000.0,0,7.1693500166706
7,368,3,13.3,81,16,61,5,1.49,3,2,0,1.8,512.0,3,0.0,3,7.087573705557973
2,385,1,15.6,58,8,79,5,2.3,3,0,0,2.5,128.0,3,1000.0,0,7.407924322559599
4,244,0,13.3,81,8,61,5,1.62,3,0,1,1.8,1000.0,1,0.0,3,6.732210706467206
10,212,3,17.3,73,6,72,5,2.8,2,2,0,2.7,128.0,3,1000.0,0,6.755768921984255
4,285,3,14.0,59,8,53,5,1.36,3,2,0,2.6,256.0,3,0.0,3,7.2633296174768365
2,143,1,17.3,77,16,94,5,3.0,3,2,0,2.8,256.0,3,1000.0,0,7.315883504509785
10,467,3,14.0,52,8,47,7,1.65,3,2,0,2.3,256.0,3,0.0,3,7.289610521451167
7,593,5,15.6,77,16,103,5,2.6,3,2,0,2.8,256.0,3,0.0,3,7.791109510610028
2,541,4,15.6,81,16,98,5,1.5,3,2,0,1.8,256.0,3,1000.0,0,7.140453043101158
7,26,3,15.6,73,6,53,5,2.04,0,2,0,2.7,1000.0,1,0.0,3,6.361302477572996
16,437,3,14.0,52,4,47,5,1.75,0,2,0,2.3,500.0,1,0.0,3,6.818924065275521
4,352,5,15.6,89,16,101,5,2.8,14,2,0,3.0,256.0,3,1000.0,0,8.024534871605695
7,111,3,14.0,52,4,47,7,1.54,3,2,0,2.3,500.0,1,0.0,3,6.938274784648874
0,410,0,14.0,80,8,52,5,1.2,3,0,1,1.3,256.0,3,0.0,3,7.046647277848756
7,363,3,15.6,49,4,53,5,2.1,3,2,0,2.4,128.0,3,0.0,3,6.558906771292869
11,192,1,15.6,58,8,75,5,2.2,3,2,0,2.5,256.0,3,0.0,3,6.905653070890267
10,493,4,12.5,73,8,53,5,1.36,3,0,0,2.7,256.0,3,0.0,3,7.367708572374371
12,414,3,14.0,27,4,40,5,1.4,3,2,0,1.44,32.0,3,0.0,3,5.517452896464707
16,411,3,15.6,57,8,53,5,2.0,0,2,0,2.5,128.0,3,0.0,3,6.675823221634848
2,140,1,17.3,58,8,75,5,3.0,3,2,0,2.5,128.0,3,1000.0,0,6.843749949006225
2,499,3,14.0,49,4,53,5,2.0,3,2,0,2.4,256.0,3,0.0,3,6.645090969505644
4,282,4,15.6,64,8,61,5,1.88,3,0,0,1.6,256.0,3,0.0,3,6.999568442254589
2,575,3,17.3,87,4,66,5,2.8,2,2,0,1.6,1000.0,1,0.0,3,6.272877006546167
4,549,3,14.0,47,4,47,5,1.6,3,2,0,2.0,128.0,3,0.0,3,6.601053472693101
2,400,1,17.3,77,8,79,5,2.7,3,0,0,2.8,256.0,3,1000.0,0,7.377133712833954
4,257,3,15.6,81,8,72,5,2.16,3,0,0,1.8,512.0,3,0.0,3,7.140453043101158
11,149,1,15.6,77,16,79,5,2.4,3,0,0,2.8,256.0,3,1000.0,0,7.4949862339505335
7,361,3,13.3,64,4,61,5,1.49,3,0,0,1.6,500.0,1,0.0,3,6.51471269087253
16,411,3,15.6,66,8,68,5,2.2,3,0,0,2.5,256.0,3,0.0,3,6.949856455000773
4,281,3,15.6,59,8,53,5,1.9,3,2,0,2.6,500.0,1,0.0,3,6.840546529288687
7,595,5,17.3,60,8,101,5,3.14,2,2,0,2.8,500.0,1,0.0,3,7.528863883172682
2,137,1,15.6,77,8,75,5,2.5,3,2,0,2.8,256.0,3,0.0,3,6.906754778648554
4,239,3,15.6,47,4,24,2,2.2,3,2,0,2.0,256.0,3,0.0,3,6.184148890937483
4,547,3,15.6,47,4,23,5,2.18,0,2,0,2.0,1000.0,1,0.0,3,6.419994928147142
11,161,1,15.6,77,8,75,5,2.2,3,2,0,2.8,128.0,3,1000.0,0,7.046647277848756
7,596,5,15.6,71,8,100,5,2.0,3,0,0,2.7,8.0,3,0.0,3,7.718240951959316
10,225,1,15.6,69,16,87,5,3.31,3,0,0,2.6,512.0,3,0.0,3,7.173958319756794
7,369,3,14.0,49,4,53,5,1.64,0,2,0,2.4,500.0,1,0.0,3,6.52795791762255
7,19,3,15.6,73,8,7,5,2.1,3,2,0,2.7,1000.0,1,0.0,3,6.61338421837956
7,363,3,15.6,48,4,47,5,2.07,0,2,0,2.3,500.0,1,0.0,3,6.476972362889683
10,212,3,17.3,57,6,84,5,2.8,2,2,0,2.5,1000.0,1,0.0,3,6.47543271670409
4,351,5,15.6,71,8,101,5,2.0,3,0,0,2.7,256.0,3,0.0,3,7.666221925662725
4,245,3,15.6,73,16,30,2,2.36,3,2,0,2.7,256.0,3,0.0,3,6.80128303447162
10,588,0,13.3,66,16,47,5,1.3,13,0,1,2.5,512.0,3,0.0,3,7.312553498102598
10,305,3,14.0,34,4,41,1,1.5,0,2,0,1.6,16.0,0,0.0,3,5.783825182329737
10,208,3,15.6,88,4,44,4,2.2,0,2,0,1.1,1000.0,1,0.0,3,5.886076253286569
9,193,4,14.0,73,8,53,5,0.98,3,0,1,2.7,512.0,3,0.0,3,7.549082710812286
0,73,3,15.6,9,8,17,5,2.4,0,2,0,2.2,1000.0,1,0.0,3,6.1070228877422545
1,300,4,13.3,51,8,59,8,1.37,10,1,0,3.1,512.0,3,0.0,3,7.620705086838262
10,469,4,14.0,57,8,53,5,1.32,3,0,0,2.5,256.0,3,0.0,3,7.4949862339505335
10,203,3,15.6,73,8,66,4,2.2,3,2,0,2.7,1000.0,1,0.0,3,6.529418838262226
4,242,4,13.3,81,8,7,5,1.4,3,0,0,1.8,256.0,3,0.0,3,6.86171134048073
2,616,4,14.0,73,8,53,5,1.25,3,2,0,2.7,256.0,3,0.0,3,6.955592608396297
2,383,1,15.6,77,8,76,4,2.5,3,0,0,2.8,1000.0,1,0.0,3,7.063903961472068
4,576,4,13.3,81,16,61,5,1.2,13,2,1,1.8,512.0,3,0.0,3,7.533158807455563
7,116,2,12.5,73,8,53,5,1.26,3,2,0,2.7,512.0,3,0.0,3,7.301822342137932
11,191,1,15.6,58,8,75,5,2.2,3,2,0,2.5,256.0,3,0.0,3,6.9351174957379484
4,279,3,14.0,60,8,69,5,1.64,3,2,0,2.8,256.0,3,0.0,3,7.072421900537371
16,435,3,14.0,52,8,47,5,1.95,3,2,0,2.3,256.0,3,0.0,3,7.07326971745971
7,425,2,11.6,32,2,41,5,1.17,0,2,0,1.6,32.0,0,0.0,3,5.342334251964811
4,576,4,13.3,76,16,58,5,1.29,13,2,1,2.5,512.0,3,0.0,3,7.7142311448490855
4,247,3,15.6,81,8,61,5,2.02,3,2,0,1.8,128.0,3,1000.0,0,6.75110146893676
0,58,3,15.6,11,4,17,5,2.1,0,2,0,3.0,1000.0,1,0.0,3,5.978885764901122
4,576,4,13.3,64,8,61,5,1.23,13,2,1,1.6,256.0,3,0.0,3,7.533158807455563
7,362,3,14.0,64,8,53,5,1.63,3,2,0,1.6,256.0,3,0.0,3,6.756932389247553
2,358,3,15.6,73,4,53,5,2.37,0,2,0,2.7,256.0,3,0.0,3,6.745118695504581
4,551,3,15.6,73,8,74,2,1.98,3,2,0,2.7,256.0,3,0.0,3,6.796834891396793
7,37,3,15.6,32,4,41,5,2.1,0,2,0,1.6,500.0,1,0.0,3,5.849324779946859
4,547,3,15.6,73,4,22,5,2.18,3,2,0,2.7,256.0,3,0.0,3,6.6052979209482015
16,439,3,15.6,66,16,68,5,2.4,3,0,0,2.5,256.0,3,0.0,3,7.261927092702751
11,156,1,17.3,77,16,80,5,2.8,3,2,0,2.8,256.0,3,1000.0,0,7.718240951959316
7,596,5,15.6,69,8,100,7,2.0,3,2,0,2.6,256.0,3,0.0,3,7.549082710812286
4,279,3,14.0,60,8,69,2,1.64,3,2,0,2.8,256.0,3,0.0,3,6.9930151229329605
0,58,3,15.6,57,4,53,5,2.1,0,2,0,2.5,256.0,3,0.0,3,6.395261598115449
0,432,3,14.0,87,4,42,5,1.6,0,2,0,1.6,128.0,0,0.0,3,5.855071922202427
2,560,3,15.6,33,8,43,5,2.0,0,2,0,1.1,1000.0,1,0.0,3,5.988961416889864
4,256,1,15.6,77,8,78,5,2.62,3,2,0,2.8,1000.0,1,0.0,3,7.089243155027514
10,220,3,14.0,50,8,53,4,1.7,3,0,0,2.7,256.0,3,0.0,3,6.395261598115449
4,239,3,15.6,47,4,24,2,2.25,3,2,0,2.0,1000.0,1,0.0,3,6.059123195581797
10,510,3,15.6,47,4,47,5,2.1,0,2,0,2.0,500.0,1,0.0,3,6.194201288644529
2,381,1,17.3,78,32,82,5,4.7,3,2,0,2.9,512.0,3,1000.0,0,8.266164436612492
7,363,3,15.6,64,8,61,5,2.1,3,2,0,1.6,1000.0,1,0.0,3,6.677083461247136
2,607,4,14.0,81,8,61,5,1.25,3,2,0,1.8,256.0,3,0.0,3,7.002155954403621
0,105,3,17.3,47,4,72,5,3.3,2,2,0,2.0,1000.0,1,0.0,3,6.393590753950631
10,199,3,17.3,9,4,17,5,2.6,2,2,0,2.2,128.0,3,0.0,3,6.192362489474872
2,572,3,17.3,47,4,66,5,2.0,3,2,0,2.0,1000.0,1,0.0,3,6.335054251498059
7,419,0,13.3,68,8,47,5,1.48,9,2,1,2.6,256.0,3,0.0,3,7.4949862339505335
4,250,0,15.6,81,8,61,5,2.08,3,0,1,1.8,1000.0,1,0.0,3,6.70808408385307
2,558,3,15.6,33,4,43,5,2.0,0,2,0,1.1,1000.0,1,0.0,3,5.82600010738045
0,430,4,14.0,64,8,61,5,1.6,3,0,0,1.6,256.0,3,0.0,3,6.646390514847729
4,548,4,13.3,64,8,61,5,1.41,3,2,0,1.6,256.0,3,0.0,3,6.855408798609928
15,310,3,15.6,77,16,75,5,2.5,3,2,0,2.8,128.0,3,1000.0,0,7.4377951216719325
10,472,0,14.0,73,16,53,5,1.42,9,2,1,2.7,512.0,3,0.0,3,7.827639546366422
0,76,3,15.6,47,4,47,5,2.4,0,2,0,2.0,500.0,1,0.0,3,6.018106478054404
7,109,3,14.0,52,8,47,7,1.43,3,2,0,2.3,256.0,3,0.0,3,7.292337176173877
10,212,3,17.3,73,6,72,5,2.8,2,2,0,2.7,128.0,3,1000.0,0,6.855408798609928
0,71,3,15.6,47,4,72,5,2.23,3,2,0,2.0,1000.0,1,0.0,3,6.298949246855942
4,245,3,15.6,47,4,29,5,2.3,0,2,0,2.0,128.0,3,0.0,3,6.212606095751519
7,51,3,15.6,7,4,16,5,1.86,0,2,0,2.5,256.0,3,0.0,3,5.910796644040527
7,5,3,15.6,57,8,6,5,1.91,0,2,0,2.5,256.0,3,0.0,3,6.428089117465248
4,576,4,13.3,73,16,53,5,1.2,13,2,1,2.7,512.0,3,0.0,3,7.893572073504902
10,476,3,14.0,73,8,72,5,1.87,3,0,0,2.7,256.0,3,0.0,3,6.755768921984255
4,547,3,15.6,47,4,47,5,2.29,0,2,0,2.0,500.0,1,0.0,3,6.194405391104672
10,201,3,17.3,52,8,21,5,3.0,2,2,0,2.3,1000.0,1,0.0,3,6.490723534502507
7,17,3,15.6,47,4,6,5,2.1,3,2,0,2.0,128.0,3,1000.0,0,6.212606095751519
7,425,2,11.6,32,2,41,5,1.17,0,2,0,1.6,32.0,0,0.0,3,5.342334251964811
1,301,4,13.3,51,8,51,8,1.34,1,2,0,1.8,256.0,0,0.0,3,7.055053966003016
7,50,3,15.6,47,4,47,4,1.86,0,2,0,2.0,500.0,1,0.0,3,5.899623343442402
2,397,1,15.6,77,16,76,5,2.5,3,2,0,2.8,256.0,3,1000.0,0,7.4949862339505335
4,258,1,15.6,58,8,75,5,2.65,3,2,0,2.5,1000.0,1,0.0,3,6.906754778648554
4,577,3,15.6,77,32,75,5,2.06,14,2,1,2.8,1000.0,3,0.0,3,7.878155336503324
7,122,4,13.3,73,8,53,5,1.39,13,2,1,2.7,256.0,3,0.0,3,7.046647277848756
10,206,3,15.6,4,6,7,5,2.2,3,2,0,3.6,256.0,3,0.0,3,6.3080984415095305
11,187,1,17.3,77,16,80,5,4.14,3,2,0,2.8,512.0,3,1000.0,0,7.823645930834952
7,365,3,14.0,57,4,53,5,1.95,0,2,0,2.5,500.0,1,0.0,3,6.966024187106113
2,408,1,17.3,23,16,37,5,3.25,3,0,0,3.0,256.0,3,1000.0,0,7.695757990554761
0,70,3,15.6,49,4,53,5,2.4,3,2,0,2.4,1000.0,1,0.0,3,6.212606095751519
10,522,3,15.6,47,4,47,4,1.9,0,2,0,2.0,500.0,1,0.0,3,6.1092475827643655
0,74,3,15.6,32,4,41,2,2.4,0,2,0,1.6,500.0,1,0.0,3,5.666426688112432
10,459,3,14.0,52,8,47,7,2.02,3,2,0,2.3,256.0,3,0.0,3,7.200424892944957
16,333,4,12.5,73,8,53,5,1.1,3,2,1,2.7,512.0,3,0.0,3,7.489970898834801
7,114,0,13.3,57,4,53,5,1.28,3,2,1,2.5,256.0,3,0.0,3,7.4949862339505335
10,453,3,13.3,73,16,53,5,1.4,3,0,0,2.7,512.0,3,0.0,3,7.312553498102598
10,207,3,17.3,7,8,15,5,2.8,2,2,0,2.5,1000.0,1,0.0,3,6.251903883165888
16,411,3,15.6,57,8,53,5,2.0,3,0,0,2.5,500.0,1,0.0,3,6.756932389247553
10,472,4,14.0,73,8,53,5,1.13,3,0,0,2.7,256.0,0,0.0,3,7.6251071482389
4,245,3,15.6,73,16,30,5,2.3,3,2,1,2.7,1000.0,1,0.0,3,6.755780563360033
2,266,3,17.3,57,8,86,5,2.69,3,2,0,2.5,256.0,3,500.0,0,6.792344427470809
10,461,0,14.0,68,8,106,7,1.8,3,0,1,2.6,512.0,3,0.0,3,7.625780420807986
7,22,3,15.6,47,4,47,4,2.1,3,2,0,2.0,500.0,1,0.0,3,5.855071922202427
7,364,3,17.3,64,8,69,5,2.5,3,2,0,1.6,128.0,3,1000.0,0,6.884486652042782
11,152,1,17.3,77,16,80,5,2.9,3,2,0,2.8,256.0,3,1000.0,0,7.615298339825815
0,496,2,11.6,31,4,40,5,1.4,0,2,0,1.6,32.0,0,0.0,3,5.594711379601839
10,525,3,15.6,57,8,24,5,1.9,3,2,0,2.5,128.0,3,1000.0,0,6.70680121004018
2,538,3,15.6,57,4,64,2,2.1,3,2,0,2.5,1000.0,1,0.0,3,6.251903883165888
0,78,3,15.6,57,12,86,5,2.4,3,2,0,2.5,128.0,3,1000.0,0,6.9167150203536085
0,65,3,15.6,50,4,97,5,2.2,3,2,0,2.7,256.0,3,0.0,3,6.349138991379798
16,450,3,15.6,68,16,68,5,2.4,3,0,0,2.6,256.0,3,0.0,3,7.5883236773352225
10,211,3,15.6,47,4,47,5,2.2,3,2,0,2.0,500.0,1,0.0,3,6.013715156042802
0,356,1,17.3,77,16,79,5,4.2,3,0,0,2.8,256.0,3,1000.0,0,7.740229524763182
0,66,3,15.6,64,4,98,5,2.2,3,0,0,1.6,1000.0,1,0.0,3,6.418364935936212
7,372,3,14.0,52,8,47,7,1.95,3,2,0,2.3,256.0,3,0.0,3,7.085901464365611
10,100,2,11.6,32,4,41,1,1.25,0,2,0,1.6,16.0,3,0.0,3,5.579729825986222
10,474,0,13.3,73,8,53,5,1.37,3,0,1,2.7,512.0,3,0.0,3,7.585788821732034
4,282,4,15.6,82,16,61,5,1.88,3,2,0,1.9,512.0,3,256.0,2,7.3827215738076175
10,233,3,13.3,49,4,53,5,1.5,3,0,0,2.4,128.0,3,0.0,3,6.3080984415095305
1,300,4,13.3,51,8,58,8,1.37,10,1,0,2.3,128.0,3,0.0,3,7.20019352289739
7,50,3,15.6,47,4,47,5,1.86,0,2,0,2.0,500.0,1,0.0,3,6.0844994130751715
4,239,3,15.6,49,8,53,5,2.3,0,2,1,2.4,1000.0,1,0.0,3,6.15062409018059
4,287,3,14.0,48,8,47,5,1.79,0,2,0,2.3,128.0,3,0.0,3,6.606650186198215
14,86,4,12.5,66,8,47,5,1.25,14,2,1,2.5,256.0,3,0.0,3,6.9363427358340495
7,368,3,13.3,57,8,53,5,1.49,3,2,0,2.5,256.0,3,0.0,3,6.866933284461882
4,279,3,14.0,60,8,53,5,1.6,3,2,0,2.8,256.0,3,0.0,3,7.094234845924755
2,405,1,17.3,58,12,75,5,2.2,3,2,0,2.5,128.0,3,1000.0,0,7.222493023457344
4,56,1,17.3,77,32,81,5,4.42,3,0,0,2.8,1000.0,3,1000.0,0,8.185573163765945
10,207,3,15.6,7,4,16,4,2.2,0,2,0,2.9,500.0,1,0.0,3,5.733341276897746
7,24,3,15.6,57,8,53,5,1.91,0,2,0,2.5,128.0,3,0.0,3,6.3784261836515865
7,50,3,15.6,32,4,41,4,1.86,0,2,0,1.6,500.0,1,0.0,3,5.556828061699537
10,513,3,15.6,52,4,47,5,2.1,0,2,0,2.3,500.0,1,0.0,3,6.29156913955832
4,56,1,17.3,77,16,80,5,4.42,3,0,0,2.8,128.0,3,1000.0,0,8.010615200338707
2,135,1,15.6,21,8,36,5,2.45,3,2,0,3.0,1000.0,1,0.0,3,6.54965074223381
10,579,0,14.0,52,4,47,5,1.8,3,2,1,2.3,128.0,3,0.0,3,6.725045646896707
4,576,4,13.3,64,8,61,5,1.23,3,2,0,1.6,256.0,3,0.0,3,7.243512974665482
16,436,3,14.0,52,4,47,5,1.75,0,0,0,2.3,128.0,3,0.0,3,6.927557906278317
2,600,0,13.3,57,8,53,5,1.27,3,0,1,2.5,256.0,3,0.0,3,6.833031732786201
2,382,1,17.3,77,16,93,5,4.3,3,2,0,2.8,256.0,3,1000.0,0,7.4949862339505335
2,142,1,17.3,77,12,76,2,3.0,3,2,0,2.8,1000.0,1,0.0,3,6.855408798609928
4,239,3,15.6,47,4,24,5,2.2,3,2,0,2.0,1000.0,1,0.0,3,6.1070228877422545
2,540,3,14.0,49,4,53,5,1.3,0,2,0,2.4,128.0,3,0.0,3,6.2324480165505225
7,111,4,14.0,66,8,47,5,1.54,3,2,0,2.5,256.0,3,0.0,3,7.542854826934874
0,70,3,15.6,57,6,53,5,2.23,0,2,0,2.5,1000.0,1,0.0,3,6.3080984415095305
7,2,3,15.6,66,6,21,5,2.19,0,2,0,2.5,1000.0,1,0.0,3,6.638567789166521
7,50,3,15.6,32,4,41,4,1.86,0,2,0,1.6,1000.0,1,0.0,3,5.66608060747219
10,460,3,15.6,57,8,53,5,2.3,3,0,0,2.5,256.0,3,0.0,3,6.814542897259958
10,204,3,15.6,48,6,66,5,2.4,3,2,0,2.3,128.0,3,0.0,3,6.343880434126331
10,211,3,15.6,47,8,67,4,2.2,0,2,0,2.0,256.0,3,0.0,3,6.212606095751519
10,492,4,12.5,52,8,47,5,1.3,0,0,0,2.3,180.0,3,0.0,3,7.002155954403621
4,259,0,15.6,57,8,53,5,2.191,3,0,1,2.5,256.0,3,0.0,3,6.906754778648554
2,556,3,15.6,33,4,43,2,2.0,0,2,0,1.1,1000.0,1,0.0,3,5.616734733369035
0,61,3,15.6,33,4,43,5,2.1,0,2,0,1.1,1000.0,1,0.0,3,5.8522024797744745
4,282,4,15.6,82,8,61,5,1.88,3,2,0,1.9,256.0,3,256.0,2,7.168579897264035
7,28,3,15.6,64,4,61,5,2.04,0,2,1,1.6,1000.0,1,0.0,3,6.256651746419871
10,213,3,17.3,64,8,98,4,2.8,2,2,0,1.6,256.0,3,0.0,3,6.548219102762372
10,144,0,14.0,57,8,53,5,1.7,3,2,1,2.5,256.0,3,0.0,3,6.906754778648554
11,160,1,15.6,58,8,75,5,2.2,3,2,0,2.5,128.0,3,1000.0,0,7.021003603917475
7,361,3,13.3,64,4,61,5,1.49,3,0,0,1.6,500.0,1,0.0,3,6.625392368007956
0,356,1,17.3,77,16,80,5,4.2,3,0,0,2.8,256.0,3,1000.0,0,7.8628820346414905
4,576,4,13.3,64,8,61,5,1.2,3,2,0,1.6,256.0,3,0.0,3,7.279249867519148
16,411,3,15.6,49,4,53,5,2.0,0,2,0,2.4,500.0,1,0.0,3,6.192362489474872
7,370,3,15.6,57,8,69,5,2.04,3,2,0,2.5,256.0,3,0.0,3,6.790097235513905
10,52,3,15.6,47,4,67,5,2.2,3,2,0,2.0,1000.0,1,0.0,3,6.148468295917647
2,600,0,13.3,57,8,53,5,1.1,3,2,1,2.5,256.0,3,0.0,3,7.213768308118642
16,336,4,13.3,73,32,53,5,1.05,3,2,1,2.7,512.0,3,0.0,3,7.937017489515454
11,163,1,17.3,58,8,75,5,2.7,3,2,0,2.5,128.0,3,1000.0,0,6.9985096422506015
7,50,3,15.6,47,4,47,4,1.86,0,2,0,2.0,1000.0,1,0.0,3,5.846409872905957
10,485,4,14.0,68,12,47,5,1.4,3,0,0,2.6,256.0,3,0.0,3,7.422373700986824
4,247,3,15.6,81,16,7,5,2.2,3,2,0,1.8,256.0,3,2000.0,0,7.034387929915503
0,79,0,13.3,52,8,47,5,1.6,3,0,1,2.3,256.0,3,0.0,3,6.535241271013659
7,12,3,15.6,12,6,6,5,2.1,3,2,0,3.0,128.0,3,1000.0,0,6.476972362889683
4,240,3,15.6,64,8,6,5,2.13,3,2,0,1.6,256.0,3,0.0,3,6.590301048196686
0,430,4,14.0,81,8,61,5,1.6,3,0,0,1.8,256.0,3,0.0,3,6.784457062637643
10,453,3,13.3,57,4,53,5,1.44,3,2,0,2.5,128.0,3,0.0,3,6.78105762593618
16,338,3,13.3,57,4,53,5,1.05,3,2,0,2.5,128.0,3,0.0,3,7.158513997329321
10,509,3,15.6,47,4,24,4,1.9,0,2,0,2.0,1000.0,1,0.0,3,5.908082938168931
4,260,3,17.3,81,16,63,5,2.77,3,2,1,1.8,512.0,3,0.0,3,7.3453648404168685
4,258,1,15.6,77,16,79,5,2.65,3,0,0,2.8,256.0,3,1000.0,0,7.312553498102598
7,595,5,17.3,77,8,101,5,3.14,3,2,0,2.8,500.0,1,0.0,3,7.553805610904351
11,167,1,15.6,77,16,76,5,2.2,3,2,0,2.8,256.0,3,1000.0,0,7.1693500166706
7,365,3,14.0,57,4,53,5,1.95,3,2,0,2.5,256.0,3,0.0,3,7.094234845924755
10,208,3,15.6,88,4,44,5,2.2,3,2,0,1.1,500.0,1,0.0,3,5.840641657373398
7,112,3,15.6,59,8,32,5,1.84,3,2,0,2.6,256.0,3,0.0,3,7.207118856207756
7,593,5,15.6,69,8,100,7,2.59,3,0,0,2.6,256.0,3,0.0,3,7.709308333385869
10,458,3,14.0,52,8,47,5,1.9,3,0,0,2.3,256.0,3,0.0,3,6.977281341630747
3,271,3,15.6,27,4,40,5,1.89,3,2,0,1.44,64.0,0,0.0,3,5.517051209373546
7,318,1,17.3,77,12,79,5,3.78,3,0,0,2.8,1000.0,1,0.0,3,7.4377951216719325
7,8,4,15.6,81,8,53,5,1.91,3,2,0,1.8,256.0,3,0.0,3,6.490723534502507
4,262,3,17.3,47,4,30,5,2.36,2,2,0,2.0,1000.0,1,0.0,3,6.490723534502507
4,576,4,13.3,73,16,53,5,1.2,13,2,1,2.7,1000.0,3,0.0,3,7.720461694599722
4,547,3,15.6,47,4,23,2,2.18,0,2,0,2.0,1000.0,1,0.0,3,6.121834698269836
0,92,3,15.6,29,4,40,1,2.2,0,2,0,1.5,16.0,3,0.0,3,5.342334251964811
4,252,3,17.3,64,8,7,5,2.8,3,2,0,1.6,128.0,3,1000.0,0,6.98933526597456
7,23,3,15.6,47,4,47,5,2.1,3,2,0,2.0,1000.0,1,0.0,3,6.169610732491456
7,110,4,12.5,66,8,47,7,1.26,3,2,0,2.5,256.0,3,0.0,3,7.739337434929326
10,223,3,14.0,57,8,72,5,1.5,3,0,0,2.5,256.0,3,0.0,3,7.002155954403621
10,453,3,13.3,57,8,53,5,1.44,3,0,0,2.5,256.0,3,0.0,3,6.866933284461882
10,0,3,15.6,6,4,15,5,2.19,0,2,0,2.0,500.0,1,0.0,3,5.697093486505405
4,247,3,15.6,81,8,7,5,2.36,3,2,0,1.8,128.0,3,1000.0,0,6.88653164253051
4,239,3,15.6,57,8,24,5,2.24,3,2,0,2.5,1000.0,1,0.0,3,6.336825731146441
11,182,1,17.3,69,16,79,5,2.43,14,0,0,2.6,512.0,3,2000.0,0,7.88193748927207
10,292,1,15.6,77,16,79,5,3.2,3,0,0,2.8,256.0,3,1000.0,0,7.312553498102598
7,312,1,15.6,77,8,75,5,2.2,3,0,0,2.8,128.0,3,1000.0,0,7.002155954403621
7,10,4,15.6,11,4,6,5,1.91,3,2,0,3.0,256.0,3,0.0,3,6.212606095751519
4,283,4,12.5,75,8,53,5,1.6,3,2,0,2.8,256.0,3,0.0,3,7.432483807917119
0,62,3,15.6,47,4,47,5,2.1,0,2,0,2.0,128.0,3,0.0,3,6.1070228877422545
10,209,3,15.6,49,8,72,4,2.2,3,2,0,2.4,1000.0,1,0.0,3,6.212606095751519
7,419,0,13.3,55,8,47,5,1.48,3,2,1,2.4,256.0,3,0.0,3,7.395721608602045
10,208,3,15.6,88,4,44,5,2.2,0,2,0,1.1,1000.0,1,0.0,3,5.733341276897746
7,363,3,15.6,57,8,69,5,2.04,0,2,0,2.5,1000.0,1,0.0,3,6.74111020157319
16,411,3,15.6,52,4,47,5,2.1,0,2,0,2.3,500.0,1,0.0,3,6.659293919683638
10,198,3,15.6,48,8,47,5,2.29,0,2,0,2.3,1000.0,1,0.0,3,6.129050210060545
4,550,4,14.0,64,8,61,5,1.7,3,2,0,1.6,256.0,3,0.0,3,6.778784897685177
4,240,3,15.6,81,8,6,2,2.14,3,2,0,1.8,256.0,3,0.0,3,6.5999657327732155
10,214,3,17.3,47,4,47,5,2.8,2,2,0,2.0,1000.0,1,0.0,3,6.192362489474872
0,75,3,15.6,88,4,44,5,2.4,0,2,0,1.1,500.0,1,0.0,3,5.940171252720432
16,411,3,13.3,57,8,53,5,1.5,3,0,0,2.5,256.0,3,0.0,3,6.880384082186005
4,245,3,15.6,73,8,30,5,2.33,3,2,0,2.7,256.0,3,0.0,3,6.80128303447162
11,180,1,17.3,77,16,79,5,2.43,3,2,0,2.8,256.0,3,1000.0,0,7.625058342753153
0,58,3,15.6,50,4,53,2,2.1,0,2,0,2.7,1000.0,1,0.0,3,5.905361848054571
10,519,3,15.6,73,4,53,5,1.85,3,2,0,2.7,1000.0,1,0.0,3,6.658011045870748
10,203,3,15.6,57,6,66,5,2.4,3,2,0,2.5,256.0,3,0.0,3,6.543911845564792
10,512,3,15.6,52,4,47,4,2.1,0,2,0,2.3,500.0,1,0.0,3,5.986452005284438
7,102,0,11.6,33,4,43,1,1.4,0,2,1,1.1,32.0,0,0.0,3,6.421622267806518
7,119,4,12.5,40,8,46,5,1.09,14,2,1,1.2,240.0,3,0.0,3,8.039157390473237
10,523,3,15.6,52,4,47,4,2.15,3,2,0,2.3,1000.0,1,0.0,3,6.136322180023647
17,515,3,14.0,24,2,41,5,1.45,0,2,0,1.44,32.0,0,0.0,3,5.350909816667207
7,43,3,17.3,0,6,29,5,2.65,3,0,0,2.4,2000.0,1,0.0,3,6.343880434126331
11,177,1,15.6,77,16,79,5,1.8,3,2,0,2.8,256.0,3,1000.0,0,7.647060591523165
17,264,3,14.0,33,4,43,5,1.3,3,0,0,1.1,32.0,0,0.0,3,5.560681631015528
4,56,3,17.3,77,8,79,5,4.42,3,0,0,2.7,1000.0,1,0.0,3,7.6236419465115715
11,294,1,17.3,77,8,76,5,2.7,3,2,0,2.8,256.0,3,0.0,3,7.207118856207756
11,165,1,15.6,77,16,75,5,2.4,3,2,0,2.8,256.0,3,1000.0,0,7.165493475060845
10,291,1,15.6,77,8,75,5,2.5,3,0,0,2.8,128.0,3,1000.0,0,6.954638864880987
7,425,2,11.6,32,2,41,5,1.17,0,2,0,1.6,32.0,0,0.0,3,5.342334251964811
4,245,3,15.6,57,8,30,2,2.32,0,2,0,2.5,1000.0,1,0.0,3,6.379308646458743
10,455,4,14.0,81,8,35,5,1.75,3,0,0,1.8,256.0,3,0.0,3,7.102812064077956
7,31,3,15.6,11,4,17,5,1.91,3,2,0,3.0,256.0,3,0.0,3,6.192342039368019
7,6,3,15.6,47,4,6,5,2.1,3,2,0,2.0,1000.0,1,0.0,3,6.150602768446279
0,69,3,14.0,47,8,47,5,2.1,0,2,0,2.0,1000.0,1,0.0,3,5.963579343618446
10,489,3,15.6,68,8,47,5,2.3,3,0,0,2.6,256.0,3,0.0,3,7.332369205929062
4,288,3,15.6,55,8,47,5,2.09,3,2,0,2.4,500.0,1,0.0,3,6.953149206272022
2,534,2,11.6,33,4,43,6,1.2,0,2,0,1.1,64.0,0,0.0,3,5.8289456176102075
0,91,3,14.0,32,4,41,1,1.68,0,2,0,1.6,32.0,0,0.0,3,5.855071922202427
4,547,3,15.6,57,4,22,2,2.18,3,2,0,2.5,128.0,3,0.0,3,6.343880434126331
4,576,4,13.3,64,8,61,5,1.21,3,0,0,1.6,256.0,3,0.0,3,7.395721608602045
7,109,4,14.0,66,8,47,5,1.43,3,2,0,2.5,256.0,3,0.0,3,7.313220387090301
7,363,3,15.6,49,4,53,5,2.1,0,2,0,2.4,500.0,1,0.0,3,6.505006478368201
4,547,3,15.6,47,4,22,2,2.18,0,2,0,2.0,1000.0,1,0.0,3,6.142037405587356
4,245,3,15.6,73,8,30,5,2.36,0,2,0,2.7,1000.0,1,0.0,3,6.618738983517219
4,576,4,13.3,81,8,61,5,1.21,3,0,0,1.8,256.0,3,0.0,3,7.407924322559599
10,465,3,14.0,52,4,47,7,1.7,0,2,0,2.3,508.0,2,0.0,3,6.90975328164481
2,394,1,15.6,69,16,80,5,2.34,3,0,0,2.6,256.0,3,1000.0,0,7.751475318021456
10,483,4,14.0,52,4,47,5,1.7,3,2,0,2.3,180.0,3,0.0,3,6.999422467507961
10,453,3,13.3,49,8,53,5,1.4,3,0,0,2.4,256.0,3,0.0,3,6.855408798609928
11,163,1,17.3,77,8,75,5,2.7,3,2,0,2.8,128.0,3,1000.0,0,7.083220048312879
11,175,1,15.6,69,16,91,5,1.91,3,2,0,2.6,128.0,3,1000.0,0,7.6747893358273425
7,363,3,15.6,57,4,53,5,2.04,0,2,0,2.5,500.0,1,0.0,3,6.60934924316738
7,50,3,15.6,47,4,47,4,1.86,3,2,0,2.0,500.0,1,0.0,3,5.843515431104025
10,457,3,15.6,81,8,35,5,2.1,3,0,0,1.8,256.0,3,0.0,3,7.114411660790886
0,95,2,11.6,32,4,41,1,1.25,0,0,0,1.6,32.0,0,0.0,3,5.6937321388027
2,53,3,15.6,33,4,43,2,2.0,0,2,0,1.1,500.0,1,0.0,3,5.4116460518550396
2,565,3,15.6,57,8,72,2,2.3,0,2,0,2.5,1000.0,1,0.0,3,6.259562343423234
4,248,1,15.6,77,8,75,5,2.56,3,2,0,2.8,128.0,3,1000.0,0,6.966486344445899
4,274,3,13.3,47,4,47,5,1.65,0,2,0,2.0,128.0,3,0.0,3,6.535241271013659
16,444,4,14.0,73,16,53,5,1.24,3,2,1,2.7,512.0,3,0.0,3,7.5310163320779155
10,469,3,14.0,59,8,53,5,1.32,3,0,0,2.6,256.0,3,0.0,3,7.408530566894626
10,210,3,15.6,57,4,53,4,2.2,3,2,0,2.5,1000.0,1,0.0,3,6.1463292576688975
10,474,4,12.5,66,8,47,5,1.3,3,0,1,2.5,256.0,3,0.0,3,7.4462875052894635
4,247,3,15.6,81,8,7,5,2.02,3,2,0,1.8,256.0,3,2000.0,0,7.04088659158532
0,91,3,14.0,30,4,45,1,1.45,0,2,0,1.6,32.0,0,0.0,3,5.926926025970411
2,542,3,15.6,14,4,13,5,2.0,0,2,0,1.8,500.0,1,0.0,3,5.855071922202427
11,169,1,15.6,69,8,79,5,2.2,3,2,0,2.6,128.0,3,1000.0,0,7.29716552812877
7,329,0,14.0,49,4,72,5,1.63,3,0,1,2.4,128.0,3,0.0,3,6.54965074223381
10,506,3,15.6,30,4,45,5,2.1,0,2,0,1.6,500.0,1,0.0,3,5.762051382780177
10,472,0,14.0,66,8,47,5,1.27,9,0,1,2.5,256.0,3,0.0,3,7.757478766584179
2,602,4,13.3,38,8,46,5,1.2,3,0,0,0.9,512.0,3,0.0,3,6.591673732008658
16,411,3,15.6,47,4,47,5,2.1,0,2,0,2.2,500.0,1,0.0,3,6.102558594613569
7,362,3,14.0,57,8,53,5,1.64,3,2,0,2.5,256.0,3,0.0,3,6.918210432885754
7,125,3,17.3,81,16,98,5,2.9,3,0,0,1.8,1000.0,1,0.0,3,6.9650803456014065
7,369,3,14.0,57,4,53,5,1.64,0,2,0,2.5,500.0,1,0.0,3,6.658011045870748
7,111,3,14.0,59,8,53,5,1.48,3,2,0,2.6,256.0,3,0.0,3,7.145196134997171
2,553,3,15.6,87,4,42,5,2.65,0,2,0,1.6,1000.0,1,0.0,3,5.733341276897746
1,300,4,13.3,51,8,58,8,1.37,10,1,0,2.3,256.0,3,0.0,3,7.3255112111745335
2,533,2,11.6,33,2,43,5,1.1,0,2,0,1.1,32.0,0,0.0,3,5.501258210544727
0,59,3,15.6,4,8,34,5,2.2,0,2,0,2.7,256.0,3,0.0,3,6.490723534502507
15,309,4,13.3,73,8,53,5,1.31,3,2,1,2.7,256.0,3,0.0,3,7.377133712833954
10,203,3,15.6,57,6,53,5,2.4,3,2,0,2.5,1000.0,1,0.0,3,6.335054251498059
4,551,3,15.6,73,8,72,5,2.18,3,2,0,2.7,256.0,3,0.0,3,6.917606595032511
10,588,0,13.3,67,16,56,5,1.3,13,0,1,2.2,1000.0,3,0.0,3,7.4949862339505335
4,350,5,15.6,77,8,108,5,2.23,3,2,0,2.8,1000.0,1,0.0,3,7.48324441607385
16,341,4,13.3,66,8,47,5,1.2,3,2,0,2.5,256.0,3,0.0,3,7.217443431696533
7,421,0,13.3,64,8,61,5,1.29,14,0,1,1.6,256.0,3,0.0,3,7.312553498102598
10,217,3,15.6,73,6,72,5,2.2,3,2,0,2.7,256.0,3,0.0,3,6.670766320845874
7,314,1,15.6,77,12,75,5,2.62,3,0,0,2.8,128.0,3,1000.0,0,7.130098510125578
2,401,1,17.3,77,16,80,5,2.9,3,2,0,2.8,256.0,3,1000.0,0,7.791109510610028
7,593,5,15.6,69,8,100,7,2.59,3,2,0,2.6,256.0,3,0.0,3,7.353081920515432
7,420,4,13.3,73,8,53,5,1.32,3,0,0,2.7,256.0,3,0.0,3,7.243512974665482
4,283,4,12.5,75,16,53,5,1.18,3,2,0,2.8,256.0,3,0.0,3,7.527793987721444
7,51,3,15.6,19,4,12,4,1.86,0,2,0,1.5,500.0,1,0.0,3,5.552959584921617
10,208,3,15.6,33,4,43,4,2.2,0,2,0,1.1,1000.0,1,0.0,3,5.774520489161543
0,128,3,15.6,57,4,53,5,2.4,0,2,0,2.5,500.0,1,0.0,3,6.326149473155099
2,568,3,15.6,31,4,40,5,2.2,0,2,0,1.6,500.0,1,0.0,3,5.910796644040527
10,207,3,15.6,15,4,13,5,2.2,0,2,0,2.2,500.0,1,0.0,3,5.700443573390687
4,254,1,15.6,69,16,88,5,2.59,3,2,0,2.6,1000.0,1,0.0,3,6.778796274184742
4,256,1,15.6,77,8,76,5,2.62,14,2,0,2.8,128.0,3,1000.0,0,7.311886164077165
4,238,3,15.6,32,4,40,2,2.2,0,2,0,1.6,500.0,1,0.0,3,5.6164073951712
10,475,3,13.3,73,8,53,5,1.4,3,0,0,2.7,256.0,3,0.0,3,6.917705609835305
10,474,0,13.3,57,8,53,5,1.37,3,0,1,2.5,512.0,3,0.0,3,7.509335266016592
7,369,3,14.0,81,8,69,5,1.63,3,2,0,1.8,256.0,3,0.0,3,6.93828448401696
10,292,1,15.6,77,16,79,5,3.2,3,0,0,2.8,512.0,3,1000.0,0,7.466799475018602
10,472,3,14.0,68,16,47,7,1.1,9,0,0,2.6,256.0,3,0.0,3,7.8709295967551425
2,388,1,17.3,69,16,90,4,4.0,3,0,0,2.6,1000.0,1,0.0,3,6.905753276311464
4,258,1,15.6,58,8,79,5,2.65,3,2,0,2.5,256.0,3,0.0,3,7.085901464365611
10,524,3,15.6,57,4,53,5,1.9,3,2,0,2.5,1000.0,1,0.0,3,6.3080984415095305
11,185,1,17.3,71,16,93,5,3.78,3,2,0,2.7,256.0,3,1000.0,0,7.782807262839695
0,67,3,15.6,81,8,98,5,3.0,3,0,0,1.8,256.0,3,0.0,3,6.85751406254539
10,590,0,14.0,73,16,53,5,1.38,3,2,1,2.7,512.0,3,0.0,3,7.466799475018602
4,258,1,15.6,77,16,76,5,2.65,3,0,0,2.8,128.0,3,1000.0,0,7.207118856207756
10,480,3,15.6,79,16,104,5,2.5,3,2,0,2.9,512.0,3,0.0,3,7.803435056952168
4,56,1,17.3,70,16,82,5,4.36,9,2,0,2.7,512.0,3,1000.0,0,7.922261058353247
11,155,1,17.3,77,16,79,5,2.8,3,2,0,2.8,256.0,3,1000.0,0,7.5443321080536885
2,133,1,15.6,77,8,75,5,2.2,3,2,0,2.8,1000.0,1,0.0,3,6.855408798609928
7,50,4,15.6,73,8,53,5,1.84,3,2,0,2.7,256.0,3,0.0,3,6.62273632394984
7,2,3,15.6,66,6,21,5,2.19,0,2,0,2.5,1000.0,1,0.0,3,6.638567789166521
4,256,1,15.6,58,8,75,5,2.62,3,2,0,2.5,256.0,3,0.0,3,6.892641641172089
12,415,3,14.0,35,4,43,5,1.45,3,0,0,1.1,32.0,3,0.0,3,5.963579343618446
0,76,3,15.6,57,4,53,2,2.4,0,2,0,2.5,500.0,1,0.0,3,6.090857290986017
10,516,3,15.6,57,4,53,5,2.1,3,2,0,2.5,1000.0,1,1000.0,0,6.43205545719152
0,431,4,13.3,62,8,52,5,1.12,3,0,0,1.2,256.0,3,0.0,3,6.8966943316227125
2,408,1,17.3,23,16,37,5,3.2,3,2,0,3.0,256.0,3,1000.0,0,7.3453648404168685
4,245,3,15.6,57,8,30,5,2.36,3,2,0,2.5,1000.0,1,0.0,3,6.459591416340857
4,238,3,15.6,87,4,40,5,2.2,0,2,0,1.6,500.0,1,0.0,3,5.910796644040527
0,62,3,15.6,47,4,47,2,2.1,0,2,0,2.0,1000.0,1,0.0,3,5.966146739123692
4,577,3,15.6,77,16,75,5,2.06,3,2,0,2.8,512.0,3,0.0,3,7.549082710812286
10,84,3,15.6,66,8,21,7,2.32,3,2,0,2.5,1000.0,2,0.0,3,6.796823718274855
4,547,3,15.6,47,4,22,5,2.18,0,2,0,2.0,1000.0,1,0.0,3,6.426326632066933
4,257,3,15.6,81,8,72,5,2.16,3,0,0,1.8,256.0,3,1000.0,0,7.030264904470579
10,196,3,14.0,32,2,41,5,1.42,0,2,0,1.6,32.0,0,0.0,3,5.517452896464707
2,567,3,15.6,31,4,40,5,2.2,0,2,0,1.6,500.0,1,0.0,3,5.910796644040527
2,360,3,15.6,57,8,53,5,2.37,3,2,0,2.5,256.0,3,0.0,3,7.002155954403621
10,304,2,11.6,32,4,41,5,1.4,0,2,1,1.6,128.0,3,0.0,3,6.163314804034641
4,551,3,15.6,57,8,53,5,2.18,3,2,0,2.5,1000.0,1,0.0,3,6.728628613084702
10,232,3,15.6,47,4,67,5,2.2,3,2,0,2.0,1000.0,1,0.0,3,6.361302477572996
7,362,3,14.0,57,4,53,5,1.64,0,2,0,2.5,256.0,3,0.0,3,6.880384082186005
11,151,1,17.3,69,8,89,5,2.9,3,2,0,2.6,128.0,3,1000.0,0,7.3206526989075975
0,98,3,15.6,29,4,40,1,2.2,3,0,0,1.5,16.0,0,0.0,3,5.883322388488279
4,256,1,15.6,58,8,75,5,2.65,3,2,0,2.5,1000.0,2,0.0,3,6.855408798609928
7,369,3,14.0,64,8,61,5,1.63,3,2,0,1.6,1000.0,1,0.0,3,6.699500340161678
2,132,1,15.6,77,8,95,5,2.24,3,2,0,2.8,128.0,3,1000.0,0,7.199678345691172
0,430,3,14.0,49,8,53,5,1.5,3,0,0,2.4,128.0,3,0.0,3,6.428105272684596
7,369,3,14.0,81,8,61,5,1.63,3,2,0,1.8,512.0,3,0.0,3,6.988413181999592
4,284,4,13.3,64,8,61,5,1.42,3,2,1,1.6,256.0,3,0.0,3,7.518525780274631
4,255,3,15.6,73,8,72,5,2.0,3,2,0,2.7,128.0,3,1000.0,0,7.095893221097532
4,286,4,12.5,48,4,47,7,1.5,0,2,0,2.3,128.0,3,0.0,3,7.062165925015253
2,538,3,15.6,57,4,53,5,2.0,0,2,0,2.5,256.0,3,0.0,3,6.373643969107062
11,272,1,17.3,70,16,91,5,4.14,3,2,0,2.7,128.0,3,1000.0,0,7.695757990554761
11,159,1,15.6,58,8,75,5,2.2,3,2,0,2.5,128.0,3,1000.0,0,6.9930151229329605
14,85,1,17.3,78,32,82,5,3.49,14,2,1,2.9,512.0,3,0.0,3,8.612321536507814
2,541,3,15.6,81,8,72,5,1.7,3,2,0,1.8,256.0,3,0.0,3,7.0192966537150445
4,247,3,15.6,81,8,7,5,2.2,3,2,0,1.8,256.0,3,0.0,3,6.823286122355687
11,185,1,17.3,70,16,93,5,3.78,3,0,0,2.7,256.0,3,1000.0,0,7.343193343040559
0,58,3,15.6,47,4,47,2,2.1,0,2,0,2.0,128.0,3,0.0,3,6.021023349349527
7,323,3,14.0,57,6,72,5,1.58,3,0,0,2.5,256.0,3,0.0,3,6.490723534502507
2,539,3,15.6,58,8,75,5,1.99,3,2,0,2.5,1000.0,1,0.0,3,6.809723398709042
7,115,4,14.0,73,8,53,5,1.36,3,0,0,2.7,256.0,3,0.0,3,7.4673710669175595
7,371,3,17.3,81,8,70,5,2.5,3,2,0,1.8,1000.0,1,0.0,3,6.925595197110468
16,442,3,15.6,57,8,53,5,2.0,3,0,0,2.5,500.0,1,0.0,3,6.96979066990159
4,275,3,14.0,52,4,47,5,1.76,0,2,0,2.3,500.0,1,0.0,3,6.626717749249025
7,110,2,12.5,52,8,47,5,1.26,3,2,0,2.3,256.0,3,0.0,3,7.419979923661835
10,491,4,14.0,73,8,53,5,1.13,3,0,0,2.7,512.0,3,0.0,3,7.823645930834952
7,106,3,13.3,57,8,53,5,1.34,3,0,0,2.5,256.0,3,0.0,3,7.080867896690782
10,211,3,15.6,47,4,47,4,2.2,0,2,0,2.0,128.0,3,0.0,3,5.910796644040527
4,247,4,15.6,64,8,7,5,1.9,3,2,0,1.6,1000.0,1,0.0,3,6.4967749901858625
10,474,0,14.0,66,8,47,5,1.8,3,0,1,2.5,256.0,3,0.0,3,7.419979923661835
2,559,3,15.6,88,4,44,2,2.0,0,2,0,1.1,1000.0,1,0.0,3,5.988936353919148
4,256,1,15.6,77,8,75,5,2.62,3,2,0,2.8,1000.0,1,0.0,3,7.002155954403621
7,364,3,17.3,64,8,69,5,2.5,3,0,0,1.6,1000.0,1,0.0,3,6.81783057145415
4,240,3,15.6,64,8,6,2,2.2,3,2,0,1.6,1000.0,1,0.0,3,6.472346294500901
1,300,4,13.3,51,8,59,8,1.37,10,1,0,3.1,256.0,3,0.0,3,7.4975399465469295
0,88,0,11.6,34,4,41,1,1.25,0,0,1,1.6,32.0,0,0.0,3,5.937536205082426
7,1,3,14.0,87,8,42,5,1.94,0,2,0,1.6,2000.0,1,0.0,3,5.963579343618446
7,51,3,15.6,7,4,16,5,1.86,3,2,0,2.5,256.0,3,0.0,3,5.987682403812522
4,547,3,15.6,57,4,53,5,2.18,3,2,0,2.5,1000.0,1,0.0,3,6.48768401848461
4,576,4,13.3,55,8,47,2,1.23,13,2,1,2.4,256.0,3,0.0,3,7.002155954403621
10,208,3,15.6,88,4,44,5,2.2,3,2,0,1.1,128.0,3,0.0,3,5.855071922202427
11,182,1,17.3,69,16,79,5,2.43,3,0,0,2.6,256.0,3,1000.0,0,7.575066568658071
16,449,4,14.0,68,16,68,5,1.47,3,0,0,2.6,512.0,3,0.0,3,7.475339236566737
16,411,3,15.6,49,4,53,5,2.0,0,2,0,2.4,500.0,1,0.0,3,6.505784060128229
16,339,3,13.3,52,4,47,5,1.2,3,2,0,2.3,128.0,3,0.0,3,7.085901464365611
10,221,3,14.0,57,4,53,5,1.7,3,2,0,2.5,256.0,3,0.0,3,6.54965074223381
2,157,1,15.6,77,8,76,5,2.5,3,2,0,2.8,128.0,3,1000.0,0,7.142827401161621
10,206,3,15.6,4,12,7,5,2.2,3,2,0,3.6,2000.0,1,0.0,3,6.80128303447162
7,366,3,14.0,57,4,53,5,2.31,0,2,0,2.5,500.0,1,0.0,3,7.080867896690782
0,107,3,15.6,9,8,17,5,2.23,3,2,0,2.2,256.0,3,0.0,3,6.150602768446279
0,62,3,15.6,47,4,47,5,2.1,0,2,0,2.0,1000.0,1,0.0,3,6.102558594613569
0,58,3,15.6,11,4,17,5,2.1,0,2,0,3.0,256.0,3,0.0,3,6.111467339502679
10,466,4,14.0,68,12,47,7,1.4,3,2,0,2.6,512.0,3,0.0,3,7.740229524763182
10,529,3,15.6,64,4,53,5,2.05,3,2,0,1.6,500.0,1,0.0,3,6.529418838262226
2,99,0,12.5,42,4,46,1,1.2,3,2,1,0.9,64.0,0,0.0,3,6.505784060128229
11,172,1,17.3,77,8,79,5,2.7,3,2,0,2.8,128.0,3,1000.0,0,7.304361260656977
4,261,0,17.3,73,16,72,5,2.77,3,2,1,2.7,512.0,3,0.0,3,7.4949862339505335
4,576,4,13.3,66,8,47,5,1.3,13,2,0,2.5,256.0,3,0.0,3,7.145196134997171
4,247,3,15.6,64,8,7,5,2.2,3,2,0,1.6,128.0,3,1000.0,0,6.577861357721047
4,551,3,15.6,47,8,23,5,2.0,3,2,0,2.0,256.0,3,0.0,3,6.6052979209482015
10,483,3,14.0,52,8,47,5,1.7,3,2,0,2.3,256.0,3,0.0,3,7.078341579557671
7,597,5,15.6,77,8,101,5,2.6,3,2,0,2.8,256.0,3,0.0,3,7.46064564473776
7,51,3,15.6,7,4,16,5,1.86,0,2,0,2.5,500.0,1,0.0,3,5.988961416889864
10,291,1,15.6,77,8,77,4,2.4,3,0,0,2.8,256.0,3,0.0,3,6.767343125265392
7,421,0,13.3,81,8,61,5,1.29,14,0,1,1.8,512.0,3,0.0,3,7.6004023345004
4,290,4,14.0,68,8,47,5,1.5,9,2,1,2.6,256.0,3,0.0,3,7.5822190057375485
11,162,1,15.6,77,8,76,5,2.2,3,2,0,2.8,128.0,3,1000.0,0,7.083220048312879
10,491,4,14.0,73,16,53,5,1.13,9,0,0,2.7,1000.0,3,0.0,3,7.872836175025724
0,63,3,15.6,73,4,72,5,2.2,3,2,0,2.7,500.0,1,0.0,3,6.459904454377535
10,532,3,15.6,57,8,53,4,2.3,3,0,0,2.5,256.0,3,0.0,3,6.35088571671474
7,117,3,14.0,73,8,53,5,1.48,3,2,0,2.7,256.0,3,0.0,3,7.163946684342547
4,576,4,13.3,64,8,61,5,1.22,3,0,1,1.6,128.0,3,0.0,3,6.88653164253051
10,587,0,13.3,81,8,61,5,1.19,3,0,1,1.8,512.0,3,0.0,3,7.312553498102598
10,200,3,14.0,33,4,43,5,1.44,0,2,0,1.1,64.0,0,0.0,3,5.517452896464707
10,472,4,14.0,57,8,53,5,1.13,3,0,0,2.5,256.0,0,0.0,3,7.536363938404511
4,576,0,13.3,80,16,52,5,1.22,3,2,1,1.3,256.0,3,0.0,3,7.407924322559599
10,453,3,13.3,57,8,53,5,1.44,3,2,0,2.5,256.0,3,0.0,3,6.855408798609928
4,275,3,14.0,47,4,47,5,1.76,0,2,0,2.0,500.0,1,0.0,3,6.371611847231857
10,471,3,15.6,57,8,53,5,1.95,3,0,0,2.5,256.0,3,0.0,3,7.237059026124737
4,285,4,14.0,75,8,40,5,1.36,3,2,0,2.8,512.0,3,0.0,3,7.426549072397305
4,547,3,15.6,57,4,22,5,2.18,0,2,0,2.5,1000.0,1,0.0,3,6.52940423961552
7,89,2,11.6,32,4,41,1,1.23,0,2,0,1.6,16.0,0,0.0,3,5.953243334287785
16,348,4,13.3,52,8,47,5,1.2,0,2,0,2.3,256.0,3,0.0,3,6.9985096422506015
7,50,3,15.6,87,4,42,5,1.86,3,2,0,1.6,256.0,3,0.0,3,5.988936353919148
4,56,1,15.6,77,16,80,5,4.42,14,0,0,2.8,256.0,3,1000.0,0,7.961715330440261
10,204,3,15.6,47,8,47,5,2.2,0,2,0,2.0,1000.0,1,0.0,3,6.129050210060545
10,478,3,15.6,52,8,47,5,2.3,3,2,0,2.3,256.0,3,0.0,3,6.956164418189824
7,50,3,15.6,57,4,53,5,1.86,0,2,0,2.5,1000.0,1,0.0,3,6.191728341615349
4,239,3,15.6,49,8,53,5,2.3,0,2,0,2.4,1000.0,1,0.0,3,6.129050210060545
4,247,3,15.6,81,8,7,5,2.2,3,2,0,1.8,128.0,3,2000.0,0,6.892641641172089
7,319,1,17.3,77,12,37,5,3.74,3,0,0,2.8,1000.0,1,0.0,3,7.466799475018602
10,225,1,15.6,69,8,88,5,2.6,3,0,0,2.6,128.0,3,1000.0,0,7.148345743900068
7,108,3,13.3,39,8,46,5,1.16,13,2,1,1.1,256.0,3,0.0,3,7.4377951216719325
7,421,4,13.3,73,16,53,5,1.3,14,0,0,2.7,512.0,3,0.0,3,7.6251071482389
10,469,4,14.0,73,16,53,5,1.7,3,2,0,2.7,512.0,3,0.0,3,7.740229524763182
4,239,3,15.6,57,4,24,5,2.25,0,2,0,2.5,500.0,1,0.0,3,6.395261598115449
10,588,0,13.3,66,16,47,5,1.3,13,0,1,2.5,512.0,3,0.0,3,7.312553498102598
2,614,4,12.5,73,16,53,5,0.91,3,2,0,2.7,512.0,3,0.0,3,7.575584651557793
7,111,4,14.0,61,4,53,5,1.48,3,2,0,2.7,256.0,3,0.0,3,6.9865664594064265
10,494,0,13.3,73,8,53,5,1.37,3,0,1,2.7,256.0,3,0.0,3,7.471602103445376
10,473,4,12.5,59,8,53,5,1.36,3,0,0,2.6,256.0,3,0.0,3,7.473069088032197
10,211,3,15.6,52,4,47,5,2.2,3,2,0,2.3,500.0,1,0.0,3,6.282266746896006
10,468,4,14.0,77,8,74,5,1.96,3,0,0,2.8,256.0,3,0.0,3,7.551186867296149
0,498,3,15.6,57,4,53,5,2.23,0,2,0,2.5,500.0,1,0.0,3,6.428105272684596
2,541,4,15.6,57,8,72,5,1.7,3,2,0,2.5,256.0,3,0.0,3,6.884486652042782
10,209,3,15.6,73,8,66,5,2.2,3,2,0,2.7,1000.0,1,0.0,3,6.80128303447162
4,55,1,15.6,78,16,80,5,3.49,3,2,0,2.9,256.0,3,1000.0,0,7.942273392220942
10,459,3,14.0,57,4,53,5,2.02,0,2,0,2.5,500.0,1,0.0,3,6.897704943128636
0,76,3,15.6,47,4,47,2,2.4,0,2,0,2.0,500.0,1,0.0,3,5.891091572961195
2,103,3,14.0,13,4,12,6,1.65,0,2,0,1.5,64.0,3,0.0,3,5.627585141820636
7,373,3,15.6,52,8,47,5,2.31,3,2,0,2.3,256.0,3,0.0,3,7.060476365999801
4,259,0,15.6,73,12,53,5,2.19,3,0,1,2.7,512.0,3,0.0,3,7.1693500166706
4,238,3,15.6,31,2,40,5,2.2,0,2,0,1.6,500.0,1,0.0,3,5.937536205082426
10,494,0,14.0,73,16,53,5,1.42,9,2,1,2.7,1000.0,3,0.0,3,7.945909598613133
10,503,3,15.6,33,4,43,4,1.9,0,2,0,1.1,128.0,3,0.0,3,5.600715622835498
10,196,3,14.0,31,2,40,5,1.5,0,2,0,1.6,64.0,0,0.0,3,5.43372200355424
16,451,3,15.6,66,8,47,5,2.2,3,0,0,2.5,256.0,3,0.0,3,7.243512974665482
4,247,3,15.6,81,16,7,2,2.02,3,2,0,1.8,256.0,3,2000.0,0,6.955592608396297
2,402,1,17.3,77,16,80,5,2.9,3,2,0,2.8,256.0,3,1000.0,0,7.660114319173928
10,234,3,15.6,81,8,61,5,2.17,3,2,0,1.8,256.0,3,0.0,3,6.801171793579353
2,568,3,15.6,31,4,40,5,2.2,0,2,0,1.6,500.0,1,0.0,3,5.910796644040527
10,589,4,12.5,40,8,46,5,0.99,9,0,1,1.2,512.0,3,0.0,3,7.243512974665482
2,386,1,15.6,77,24,96,5,2.24,3,2,0,2.8,512.0,3,0.0,3,7.995643604287271
4,354,5,15.6,77,8,101,5,1.78,3,2,0,2.8,256.0,3,0.0,3,7.786551806428712
2,600,0,13.3,64,8,53,5,1.1,3,2,1,1.6,256.0,3,0.0,3,7.181591944611865
4,239,3,15.6,73,8,24,5,2.2,3,2,0,2.7,256.0,3,0.0,3,6.61338421837956
10,454,3,14.0,57,4,53,5,1.87,3,2,0,2.5,500.0,1,0.0,3,6.665683717782408
10,225,1,15.6,69,8,87,5,3.31,3,0,0,2.6,128.0,3,1000.0,0,7.086737934510577
4,276,3,15.6,48,4,47,5,2.06,0,2,0,2.3,500.0,1,0.0,3,6.177902619413776
7,109,3,14.0,66,8,47,5,1.43,3,2,0,2.5,256.0,3,0.0,3,7.709308333385869
7,116,2,12.5,52,4,47,7,2.4,0,2,0,2.3,128.0,3,0.0,3,7.377133712833954
0,96,0,11.6,32,4,41,1,1.25,0,0,1,1.6,32.0,0,0.0,3,5.963579343618446
4,547,3,15.6,57,4,47,2,2.18,0,2,0,2.5,1000.0,1,0.0,3,6.2573993526770755
10,230,3,15.6,57,6,53,5,2.2,3,2,0,2.5,256.0,3,0.0,3,6.361302477572996
4,277,3,15.6,57,8,53,5,1.95,0,2,0,2.5,128.0,3,0.0,3,6.697034247666484
0,71,3,15.6,73,8,72,5,2.2,3,2,0,2.7,256.0,3,0.0,3,6.723832440821209
1,299,4,13.3,51,8,51,3,1.35,1,2,0,1.6,128.0,0,0.0,3,7.002155954403621
7,324,3,15.6,10,6,29,5,2.04,3,2,0,2.9,1000.0,2,0.0,3,6.309900096243044
7,594,3,15.6,73,8,1,5,1.9,3,2,0,2.7,1000.0,1,0.0,3,7.1459844677143876
4,252,3,17.3,64,8,7,5,2.8,3,0,0,1.6,128.0,3,1000.0,0,6.88653164253051
7,598,5,17.3,90,16,102,7,3.0,3,0,0,2.9,256.0,3,0.0,3,8.386856689688234
7,112,3,15.6,55,8,47,5,1.84,3,2,0,2.4,256.0,3,500.0,0,7.651281836434234
10,485,4,14.0,68,12,47,5,1.4,9,0,0,2.6,256.0,3,0.0,3,7.527255919373784
4,576,4,13.3,74,8,58,5,1.23,3,2,0,2.4,256.0,3,0.0,3,7.229113877793302
7,324,3,15.6,10,6,29,5,2.04,3,2,0,2.9,1000.0,2,0.0,3,6.309900096243044
4,239,3,15.6,47,4,24,5,2.2,0,2,0,2.0,1000.0,1,0.0,3,6.302014397419859
2,392,1,17.3,69,16,93,5,4.3,3,0,0,2.6,512.0,3,1000.0,0,7.673223121121708
4,577,3,15.6,77,16,75,5,2.06,14,2,1,2.8,1000.0,3,0.0,3,7.782807262839695
2,604,4,13.3,66,8,47,5,1.45,3,2,0,2.5,256.0,3,0.0,3,7.154615356913663
4,238,3,15.6,86,4,40,2,2.2,0,2,0,1.6,500.0,1,0.0,3,5.975055654573933
0,58,3,15.6,33,4,43,5,2.1,0,2,0,2.0,500.0,1,0.0,3,5.808142489980444
7,595,5,15.6,77,8,103,5,3.14,3,2,0,2.8,256.0,3,0.0,3,7.632837078072428
2,569,3,15.6,11,4,22,5,2.03,0,2,0,3.0,1000.0,1,0.0,3,5.998936561946683
4,576,0,13.3,62,8,52,5,1.24,3,2,1,1.2,256.0,3,0.0,3,7.549082710812286
16,445,4,14.0,57,4,53,5,1.25,0,2,0,2.5,128.0,3,0.0,3,6.993932975223189
7,34,3,15.6,7,4,15,5,2.1,3,2,0,2.5,1000.0,1,0.0,3,5.986452005284438
18,303,4,13.3,52,8,72,5,1.28,3,0,0,2.3,256.0,3,0.0,3,6.840546529288687
7,363,3,15.6,73,8,69,5,2.04,3,2,0,2.7,256.0,3,0.0,3,6.926567219631883
10,505,3,15.6,57,4,53,5,1.9,0,2,0,2.5,128.0,3,0.0,3,6.210600077024653
7,50,3,15.6,57,4,53,5,1.86,0,2,0,2.5,500.0,1,0.0,3,6.184148890937483
10,291,1,15.6,77,8,79,4,2.4,3,0,0,2.8,256.0,3,1000.0,0,7.046647277848756
10,580,0,14.0,66,4,47,5,1.8,3,0,1,2.5,128.0,3,0.0,3,6.45833828334479
7,124,4,13.3,73,8,98,5,1.38,3,0,0,2.7,256.0,3,0.0,3,7.020190708311925
7,315,1,17.3,77,16,75,5,3.78,3,0,0,2.8,256.0,3,1000.0,0,7.311886164077165
7,30,3,15.6,8,4,6,5,1.91,3,2,0,2.5,256.0,3,0.0,3,6.171470925944497
7,361,3,13.3,81,8,61,5,1.49,3,2,0,1.8,512.0,3,0.0,3,7.005789019253503
4,256,1,15.6,77,8,75,5,2.62,3,2,0,2.8,1000.0,2,0.0,3,6.80128303447162
0,60,3,15.6,77,8,75,2,2.5,3,2,0,2.8,256.0,3,0.0,3,6.778784897685177
4,576,4,13.3,81,8,61,5,1.21,14,0,1,1.8,256.0,3,0.0,3,7.575071699507561
11,154,1,17.3,77,16,79,5,2.7,3,2,0,2.8,256.0,3,1000.0,0,7.37650812632622
2,608,4,14.0,81,16,98,5,1.3,3,2,0,1.8,512.0,3,0.0,3,7.3098814858247865
7,368,3,13.3,49,4,53,5,1.49,0,2,0,2.4,500.0,1,0.0,3,6.684611727667927
7,363,3,15.6,73,8,53,5,2.04,3,2,0,2.7,256.0,3,0.0,3,6.975413927455952
7,366,5,15.6,79,8,53,5,2.31,3,0,0,2.9,512.0,3,0.0,3,7.335633981927201
4,256,1,15.6,77,8,78,2,2.62,3,2,0,2.8,1000.0,1,0.0,3,6.834108738813838
10,472,0,14.0,68,16,47,5,2.8,9,0,1,2.6,512.0,3,0.0,3,7.799753318287247
7,114,0,13.3,57,4,53,5,1.28,3,2,1,2.5,256.0,3,0.0,3,7.438383530044307
14,85,1,14.0,77,16,79,5,1.95,3,2,0,2.8,1000.0,3,0.0,3,8.160232492367689
5,296,3,15.6,57,8,53,5,2.2,0,2,0,2.5,256.0,3,0.0,3,6.683360945766275
10,291,1,15.6,77,16,76,5,2.4,3,0,0,2.8,256.0,3,2000.0,0,7.029087564149662
7,419,3,13.3,52,8,47,5,1.16,3,2,0,2.3,256.0,3,0.0,3,7.432483807917119
7,363,3,15.6,64,4,53,5,2.1,3,0,0,1.6,500.0,1,0.0,3,6.582025138892826
4,248,1,15.6,77,16,75,5,2.56,3,2,0,2.8,512.0,3,0.0,3,7.130306654995158
10,291,1,15.6,77,8,77,5,2.5,3,0,0,2.8,128.0,3,1000.0,0,7.011213987350367
4,239,3,15.6,49,6,53,5,2.3,0,2,0,2.4,1000.0,1,0.0,3,6.129050210060545
10,225,1,15.6,69,16,89,5,2.6,3,0,1,2.6,128.0,3,1000.0,0,6.9363427358340495
10,211,3,15.6,47,4,47,5,2.2,3,2,0,2.0,128.0,3,0.0,3,6.212606095751519
4,547,3,15.6,57,4,53,5,2.18,0,2,0,2.5,1000.0,1,0.0,3,6.562528835865712
10,493,4,12.5,73,16,53,5,1.36,3,0,0,2.7,512.0,3,0.0,3,7.494430215031565
10,83,3,15.6,66,4,47,7,2.32,3,2,0,2.5,1000.0,2,0.0,3,6.715383386334681
7,113,4,12.5,40,8,46,5,0.97,14,0,1,1.2,512.0,3,0.0,3,7.607878073278507
10,457,3,15.6,64,8,35,5,2.1,3,0,0,1.6,256.0,3,1000.0,0,7.0427231393926215
10,483,4,14.0,68,8,47,5,1.7,3,0,0,2.6,256.0,3,0.0,3,7.305853316744734
4,289,4,12.5,55,8,47,7,1.26,3,2,1,2.4,256.0,3,0.0,3,7.446217470330318
4,56,1,17.3,77,32,80,5,4.42,14,0,0,2.8,512.0,3,1000.0,0,8.054322462444398
10,219,3,14.0,73,8,31,4,1.5,3,0,0,2.7,512.0,3,0.0,3,6.683360945766275
4,577,3,15.6,77,16,75,5,2.06,14,2,1,2.8,512.0,3,0.0,3,7.781973234434385
10,586,0,15.6,77,8,55,5,2.0,3,0,1,2.8,256.0,3,0.0,3,7.1693500166706
16,411,3,15.6,52,4,47,5,2.1,0,2,0,2.3,500.0,1,0.0,3,6.400257445308821
7,112,3,15.6,55,8,47,5,1.84,3,2,0,2.4,256.0,3,0.0,3,7.549609165154532
16,344,3,13.3,52,4,47,7,1.2,3,2,0,2.3,128.0,3,0.0,3,7.085901464365611
7,361,3,13.3,64,8,61,5,1.49,3,2,0,1.6,512.0,3,0.0,3,6.8658910748834385
10,218,3,15.6,66,8,72,5,2.2,3,0,0,2.5,1000.0,1,0.0,3,6.505784060128229
10,213,3,17.3,81,8,98,4,2.8,3,2,0,1.8,2000.0,1,0.0,3,6.744059186311348
4,577,3,15.6,77,8,75,5,2.0,3,2,0,2.8,256.0,3,0.0,3,7.511524648390866
4,239,3,15.6,73,8,24,2,2.3,0,2,0,2.7,1000.0,1,0.0,3,6.692071335481771
10,208,3,15.6,33,4,43,5,2.2,0,2,0,1.1,1000.0,1,0.0,3,5.723585101952381
10,210,3,15.6,57,8,72,4,2.2,3,2,0,2.5,256.0,3,0.0,3,6.444131256700441
0,71,3,15.6,73,8,72,5,2.23,3,2,0,2.7,1000.0,1,0.0,3,6.60934924316738
4,55,1,15.6,77,16,80,5,3.21,3,2,0,2.8,256.0,3,1000.0,0,7.928272683957522
7,20,3,15.6,57,8,53,5,2.04,0,2,1,2.5,1000.0,1,0.0,3,6.326149473155099
10,196,3,14.0,31,2,40,5,1.5,0,2,0,1.6,64.0,0,0.0,3,5.43372200355424
4,576,4,13.3,73,8,53,5,1.29,13,2,1,2.7,256.0,3,0.0,3,7.29776828253138
2,612,4,13.3,73,16,53,5,1.1,3,2,1,2.7,512.0,3,0.0,3,7.466742297855146
2,265,3,15.6,73,8,83,5,2.3,3,0,0,2.7,256.0,3,0.0,3,6.668228248417403
4,244,0,13.3,81,16,61,5,1.62,3,2,1,1.8,512.0,3,0.0,3,7.153833801578843
1,301,4,13.3,51,8,51,8,1.34,1,2,0,1.8,128.0,0,0.0,3,6.801216291421215
10,474,0,13.3,57,8,53,5,1.37,3,0,1,2.5,256.0,3,0.0,3,7.243512974665482
16,346,4,13.3,66,16,47,5,1.36,3,2,1,2.5,512.0,3,0.0,3,7.537430036586509
2,398,1,15.6,77,16,76,5,2.5,3,0,0,2.8,256.0,3,1000.0,0,7.3777589082278725
4,285,4,14.0,75,8,53,5,1.36,3,2,0,2.8,256.0,3,0.0,3,7.4815557019095165
7,112,3,15.6,52,8,47,7,1.88,3,2,0,2.3,256.0,3,0.0,3,7.364547014255642
10,217,3,15.6,73,8,72,4,2.2,3,2,0,2.7,1000.0,1,0.0,3,6.5638555265321274
4,247,3,15.6,64,4,7,5,2.2,3,2,0,1.6,256.0,3,0.0,3,6.618738983517219
7,595,5,17.3,69,8,105,7,3.0,3,0,0,2.6,256.0,3,0.0,3,8.281318947623209
7,14,3,15.6,47,6,24,5,2.04,3,2,0,2.0,1000.0,1,0.0,3,6.289715570908998
10,453,3,13.3,30,4,45,1,1.45,0,2,0,1.6,16.0,0,0.0,3,6.1310090745458785
16,340,3,13.3,52,8,47,5,1.2,3,2,0,2.3,256.0,3,0.0,3,7.10085190894405
7,45,3,17.3,1,6,7,5,2.71,3,0,0,2.5,2000.0,1,0.0,3,6.484650502694282
4,56,1,17.3,69,32,80,5,4.42,3,2,0,2.6,256.0,3,1000.0,0,7.937374696163295
10,210,3,15.6,57,4,53,4,2.2,3,2,0,2.5,128.0,3,0.0,3,6.148468295917647
10,528,3,15.6,64,4,61,5,1.8,3,2,0,1.6,256.0,3,0.0,3,6.720220155135295
10,580,0,14.0,66,4,47,5,1.8,3,0,1,2.5,128.0,3,0.0,3,6.45833828334479
4,250,0,15.6,81,16,61,5,2.0,3,2,1,1.8,512.0,3,0.0,3,7.158513997329321
10,472,0,14.0,57,8,53,5,1.42,9,0,1,2.5,256.0,3,0.0,3,7.753623546559746
10,196,3,14.0,32,4,40,5,1.43,0,2,0,1.6,32.0,0,0.0,3,5.6131281063880705
7,117,3,14.0,57,4,53,5,1.48,3,2,0,2.5,256.0,3,0.0,3,7.371489295214277
12,412,3,13.3,27,4,40,5,1.35,3,0,0,1.44,32.0,0,0.0,3,5.541263545158426
2,268,3,15.6,33,4,43,5,1.86,0,2,0,1.1,128.0,3,0.0,3,6.037870919922137
10,227,1,17.3,70,32,80,5,4.6,3,0,0,2.7,256.0,3,1000.0,0,7.887208585813932
2,395,1,15.6,69,16,89,5,2.59,3,0,0,2.6,128.0,3,1000.0,0,7.199678345691172
4,252,3,17.3,64,8,7,2,2.8,3,0,0,1.6,128.0,3,1000.0,0,6.790097235513905
11,183,1,15.6,69,16,79,5,2.94,3,2,0,2.6,256.0,3,1000.0,0,7.506042178518122
4,576,4,13.3,81,8,61,5,1.2,13,2,1,1.8,256.0,3,0.0,3,7.243512974665482
4,279,3,14.0,57,8,53,5,1.6,0,2,0,2.5,256.0,3,0.0,3,7.02705716060779
4,245,3,15.6,57,8,30,5,2.36,3,2,0,2.5,256.0,3,0.0,3,6.790097235513905
10,456,3,15.6,47,4,47,5,2.3,0,2,0,2.0,128.0,3,0.0,3,6.336825731146441
0,423,0,13.3,64,8,61,5,1.5,3,0,1,1.6,256.0,3,0.0,3,6.741700694652055
4,246,0,15.6,48,4,47,5,2.08,3,0,1,2.3,1000.0,1,0.0,3,6.6795866229514
10,482,3,17.3,77,8,109,5,3.4,3,0,0,2.8,256.0,3,0.0,3,8.00603417874901
16,443,3,14.0,57,8,53,5,1.25,3,0,1,2.5,256.0,3,0.0,3,7.336285660021297
10,291,1,15.6,58,8,75,4,2.5,3,0,0,2.5,1000.0,1,0.0,3,6.92461239604856
7,126,0,13.3,73,16,53,5,1.42,13,2,1,2.7,256.0,3,0.0,3,7.243512974665482
4,288,3,15.6,55,8,47,7,2.09,3,2,0,2.4,256.0,3,0.0,3,6.968803340547071
4,239,3,15.6,49,6,53,5,2.3,0,2,1,2.4,1000.0,1,0.0,3,6.0844994130751715
0,59,3,15.6,64,12,97,5,2.2,0,0,0,1.6,1000.0,1,0.0,3,6.542457551181089
10,460,3,15.6,57,4,53,5,2.38,0,2,0,2.5,500.0,1,0.0,3,6.961296045910167
10,459,3,14.0,57,8,53,5,1.9,3,0,0,2.5,256.0,3,0.0,3,6.843749949006225
2,573,3,17.3,88,4,66,5,2.8,0,2,0,1.1,1000.0,1,0.0,3,6.153455837428686
7,328,3,15.6,77,12,75,5,2.21,3,0,0,2.8,128.0,3,1000.0,0,7.190676034332207
4,576,4,13.3,57,8,53,5,1.29,13,2,1,2.5,256.0,3,0.0,3,7.392647520721623
10,472,4,14.0,73,16,53,5,1.14,3,0,0,2.7,512.0,3,0.0,3,7.803843303538772
4,547,3,15.6,47,4,47,2,2.18,0,2,0,2.0,1000.0,1,0.0,3,6.095599311839989
16,343,3,13.3,55,8,47,5,1.2,3,2,0,2.4,256.0,3,0.0,3,7.336285660021297
10,517,3,15.6,57,4,53,4,1.9,0,2,0,2.5,1000.0,1,0.0,3,6.194201288644529
7,46,3,17.3,47,4,19,5,2.5,3,0,0,2.0,256.0,3,0.0,3,6.54965074223381
2,563,3,15.6,49,6,65,5,2.0,3,2,0,2.4,256.0,3,0.0,3,6.3578422665081
4,273,2,11.6,88,4,44,5,1.63,0,2,0,1.1,128.0,3,0.0,3,6.612041034833092
16,342,4,13.3,66,16,47,5,1.2,3,2,0,2.5,512.0,3,0.0,3,7.465655310134056
7,366,3,15.6,52,4,47,5,2.31,0,2,0,2.3,500.0,1,0.0,3,7.089243155027514
7,49,3,15.6,57,4,53,4,1.96,0,2,0,2.5,500.0,1,0.0,3,6.212606095751519
7,365,3,14.0,52,4,47,5,1.95,0,2,0,2.3,500.0,1,0.0,3,7.046647277848756
2,544,3,15.6,85,8,44,5,2.0,3,2,0,1.1,128.0,3,0.0,3,6.366298611662624
4,258,1,15.6,77,16,79,5,2.65,14,0,0,2.8,512.0,3,1000.0,0,7.520234556474628
7,7,3,15.6,73,8,53,5,2.05,0,2,0,2.7,1000.0,1,0.0,3,6.393590753950631
7,308,3,15.6,73,8,72,5,1.91,3,0,0,2.7,1000.0,1,0.0,3,6.88653164253051
2,554,3,15.6,47,4,53,2,2.0,3,2,0,2.0,1000.0,1,0.0,3,5.963579343618446
10,464,3,17.3,71,16,99,7,2.4,14,0,0,2.7,512.0,3,0.0,3,7.995643604287271
2,359,3,15.6,49,4,53,5,2.37,0,2,0,2.4,1000.0,1,0.0,3,5.988936353919148
2,535,3,14.0,33,4,43,5,1.5,0,2,0,1.1,32.0,0,0.0,3,5.655991810819852
10,291,1,15.6,77,16,76,5,2.5,3,0,0,2.8,256.0,3,1000.0,0,7.072421900537371
4,239,3,15.6,57,8,53,5,2.14,0,2,0,2.5,1000.0,1,0.0,3,6.291476542678769
2,407,1,17.3,77,16,76,5,3.0,3,2,0,2.8,256.0,3,1000.0,0,7.372118028337787
4,237,0,11.6,41,4,52,5,1.39,0,2,1,1.0,128.0,3,0.0,3,6.401917196727186
7,327,1,15.6,77,8,75,5,2.62,3,0,0,2.8,1000.0,1,0.0,3,6.80128303447162
7,594,5,15.6,66,8,0,7,1.9,3,2,0,2.5,256.0,3,0.0,3,7.3098814858247865
14,85,1,14.0,77,16,79,5,1.95,3,2,0,2.8,256.0,3,0.0,3,7.8628820346414905
10,82,3,15.6,52,8,21,4,2.32,3,2,0,2.3,1000.0,1,0.0,3,6.395261598115449
10,292,1,15.6,77,8,79,5,3.2,3,0,0,2.8,256.0,3,1000.0,0,7.243512974665482
7,50,3,15.6,57,8,53,5,1.86,3,2,0,2.5,256.0,3,0.0,3,6.536691597591305
10,472,0,14.0,52,8,47,5,1.36,9,0,1,2.3,256.0,3,0.0,3,7.400620577371135
11,176,1,15.6,69,16,79,5,1.8,3,2,0,2.6,256.0,3,1000.0,0,7.564757012905729
2,539,1,15.6,77,8,75,5,1.99,3,2,0,2.8,128.0,3,1000.0,0,7.2078598714324755
0,60,3,15.6,77,8,75,2,2.4,3,2,0,2.8,1000.0,1,0.0,3,6.740519359606223
10,291,1,15.6,58,8,75,4,2.4,3,0,0,2.5,256.0,3,0.0,3,6.658011045870748
2,613,4,13.3,57,8,53,5,1.2,13,0,0,2.5,256.0,3,0.0,3,7.029087564149662
10,212,3,17.3,57,8,85,4,2.8,2,2,0,2.5,1000.0,1,0.0,3,6.3784261836515865
17,263,3,14.0,33,4,43,5,1.22,3,2,0,1.1,32.0,0,0.0,3,5.312713246831769
10,235,3,15.6,54,4,86,5,2.3,3,0,0,2.3,1000.0,1,0.0,3,6.884486652042782
4,551,3,15.6,57,4,72,5,2.18,3,2,0,2.5,128.0,3,1000.0,0,6.816188085456647
7,118,3,15.6,57,8,53,5,1.84,3,2,0,2.5,256.0,3,0.0,3,7.042286171939743
7,364,3,17.3,73,8,69,5,2.63,3,2,0,2.7,256.0,3,0.0,3,7.090076835776092
10,292,1,15.6,77,8,79,5,3.2,3,0,0,2.8,1000.0,1,0.0,3,7.1693500166706
7,363,3,15.6,49,4,53,5,2.04,0,2,0,2.4,256.0,3,0.0,3,6.646377527750411
4,236,0,11.6,87,4,42,5,1.47,0,2,1,1.6,500.0,1,0.0,3,6.171700597410915
10,488,4,14.0,73,8,53,5,1.32,3,2,0,2.7,256.0,3,0.0,3,7.527793987721444
10,531,3,15.6,81,8,61,5,2.05,3,2,0,1.8,256.0,3,0.0,3,6.779921907472252
2,603,3,13.3,57,8,53,5,1.4,13,2,0,2.5,256.0,3,0.0,3,7.047517221357296
10,511,3,15.6,52,4,47,5,2.1,0,2,0,2.3,128.0,3,0.0,3,6.20050917404269
0,67,3,17.3,64,4,98,5,3.0,3,0,0,1.6,256.0,3,0.0,3,6.690842277418564
7,11,3,15.6,11,4,6,5,2.1,3,2,0,3.0,1000.0,1,0.0,3,6.192362489474872
2,141,1,17.3,77,16,75,5,2.9,3,2,0,2.8,256.0,3,1000.0,0,7.332369205929062
10,206,3,15.6,4,8,25,5,2.2,0,2,0,3.6,1000.0,1,0.0,3,6.061456918928017
7,311,1,17.3,54,8,79,5,3.35,3,0,0,2.3,128.0,3,1000.0,0,7.029087564149662
4,576,4,13.3,64,8,61,5,1.21,14,0,1,1.6,128.0,3,0.0,3,7.377133712833954
16,347,4,13.3,52,8,47,5,1.2,3,2,0,2.3,256.0,3,0.0,3,7.371489295214277
7,116,4,12.5,57,4,53,5,1.26,0,2,0,2.5,256.0,3,0.0,3,7.351799869057777
10,291,1,15.6,77,16,76,5,2.4,3,2,0,2.8,512.0,3,0.0,3,7.089243155027514
10,291,1,15.6,77,16,79,4,2.4,3,2,0,2.8,512.0,3,0.0,3,7.242797922793756
1,299,4,13.3,51,8,51,3,1.35,1,2,0,1.6,256.0,0,0.0,3,6.905753276311464
2,375,0,15.6,73,12,72,5,2.3,3,2,1,2.7,2000.0,1,0.0,3,6.732210706467206
7,120,4,13.3,73,8,53,5,1.34,3,0,0,2.7,512.0,3,0.0,3,7.187657164114956
2,571,3,15.6,66,4,65,5,2.2,0,2,0,2.5,500.0,1,0.0,3,6.579695557718368
0,59,3,15.6,81,8,98,5,2.2,3,2,0,1.8,1000.0,1,0.0,3,6.535241271013659
7,363,3,15.6,73,8,69,5,2.04,3,2,0,2.7,1000.0,1,0.0,3,6.802394763324311
2,136,3,15.6,58,8,75,5,2.5,3,2,0,2.5,128.0,3,1000.0,0,6.732210706467206
10,479,3,15.6,71,16,102,7,2.5,14,2,0,2.7,512.0,3,0.0,3,7.7706452341291765
2,539,3,17.3,81,8,63,5,2.1,3,2,0,1.8,128.0,3,1000.0,0,7.0431599159883405
4,239,3,15.6,47,4,24,5,2.2,3,2,0,2.0,256.0,3,0.0,3,6.212405674866992
4,247,3,15.6,64,8,7,5,2.33,3,2,0,1.6,128.0,3,1000.0,0,6.738152494595957
7,112,3,15.6,73,8,53,5,1.84,3,2,0,2.7,256.0,3,0.0,3,7.105786129481271
4,349,5,15.6,56,8,2,5,2.23,3,2,0,2.6,500.0,1,0.0,3,7.221835825288449
0,58,3,15.6,88,4,44,5,2.1,0,2,0,1.1,1000.0,1,0.0,3,5.895806806911541
2,399,1,17.3,69,16,79,5,2.73,3,2,0,2.6,512.0,3,1000.0,0,7.4949862339505335
2,543,2,11.6,27,2,41,5,0.98,0,2,0,1.44,32.0,0,0.0,3,5.256974403013654
0,430,4,14.0,57,8,39,5,1.8,3,0,0,2.5,256.0,3,0.0,3,6.823286122355687
4,577,3,15.6,54,8,73,5,2.04,14,0,1,2.3,256.0,3,0.0,3,7.718987671760751
10,491,4,14.0,68,16,47,5,1.1,9,0,0,2.6,512.0,3,0.0,3,7.649216319820633
7,108,4,13.3,40,16,46,5,1.16,13,0,1,1.2,512.0,3,0.0,3,7.583247524303362
2,571,3,15.6,66,4,65,5,2.2,0,2,0,2.5,500.0,1,0.0,3,6.579695557718368
7,50,3,15.6,57,4,6,5,1.86,0,2,0,2.5,500.0,1,0.0,3,6.417728518130933
7,367,0,11.6,88,4,44,5,1.45,0,2,1,1.1,256.0,3,0.0,3,6.652863029353347
4,252,3,17.3,81,8,7,5,2.8,3,2,0,1.8,128.0,3,1000.0,0,6.98933526597456
7,370,3,15.6,57,8,69,5,2.04,3,0,0,2.7,128.0,3,1000.0,0,6.88653164253051
7,18,3,15.6,73,4,7,5,2.1,3,0,0,2.7,500.0,1,0.0,3,6.535241271013659
4,576,4,13.3,57,8,53,5,1.29,3,0,1,2.5,128.0,3,0.0,3,6.80128303447162
2,601,3,15.6,69,12,48,5,2.06,14,0,0,2.6,128.0,3,1000.0,0,7.1693500166706
2,557,3,15.6,88,4,44,5,2.0,0,2,0,1.1,1000.0,1,0.0,3,6.1070228877422545
7,50,3,15.6,47,8,47,5,1.86,3,2,0,2.0,256.0,3,0.0,3,6.289715570908998
2,552,3,15.6,11,4,22,5,1.68,0,2,0,3.0,1000.0,1,0.0,3,6.150602768446279
10,291,1,15.6,58,8,75,5,2.5,3,0,0,2.5,128.0,3,1000.0,0,6.906754778648554
7,41,3,17.3,47,8,47,5,2.5,2,2,0,2.0,256.0,3,0.0,3,6.461311914145415
7,325,3,15.6,69,6,89,5,2.18,3,0,0,2.6,1000.0,1,0.0,3,6.683360945766275
4,252,3,17.3,81,8,7,2,2.8,3,2,0,1.8,128.0,3,1000.0,0,7.002155954403621
4,56,1,17.3,77,16,80,5,4.36,14,0,0,2.8,512.0,3,1000.0,0,8.056426767522984
0,87,2,11.6,29,2,40,1,1.3,0,2,0,1.5,32.0,3,0.0,3,5.159055299214529
10,491,4,14.0,73,8,53,5,1.13,9,0,0,2.7,512.0,3,0.0,3,7.732807530422021
7,110,2,12.5,59,8,53,5,1.26,0,2,0,2.6,256.0,3,0.0,3,7.236339342754344
0,61,3,15.6,88,4,44,2,2.1,0,2,0,1.1,1000.0,1,0.0,3,5.697093486505405
4,245,3,15.6,57,8,30,5,2.36,0,2,0,2.5,1000.0,1,0.0,3,6.459888804802811
10,198,3,15.6,47,4,24,4,2.2,3,2,0,2.0,1000.0,1,0.0,3,6.171700597410915
4,288,3,15.6,52,4,47,2,2.09,0,2,0,2.3,500.0,1,0.0,3,6.260785328039943
7,50,3,15.6,57,8,53,5,1.96,3,2,0,2.5,256.0,3,0.0,3,6.395244903485277
11,164,1,17.3,77,8,76,5,2.7,3,2,0,2.8,256.0,3,1000.0,0,7.089243155027514
11,158,1,15.6,69,8,89,5,2.3,3,2,0,2.6,128.0,3,1000.0,0,7.063903961472068
0,59,3,15.6,47,4,85,5,2.2,0,2,0,2.0,500.0,1,0.0,3,6.150602768446279
11,178,1,15.6,77,16,80,5,1.8,3,2,0,2.8,256.0,3,2000.0,0,7.714900563595494
7,111,3,14.0,52,4,47,5,1.54,3,2,0,2.3,500.0,1,0.0,3,6.907755278982137
0,77,3,15.6,57,8,86,5,2.4,3,2,0,2.5,256.0,3,1000.0,0,6.683360945766275
7,27,3,15.6,73,8,53,5,2.04,0,2,0,2.7,2000.0,1,0.0,3,6.444131256700441
7,324,3,15.6,10,6,29,5,2.04,3,2,0,2.9,1000.0,2,0.0,3,6.309900096243044
10,456,3,15.6,57,8,53,5,2.3,3,0,0,2.5,1000.0,1,0.0,3,6.746012518775266
